物业编号,首次交易期,再次交易期,首次成交价,再次成交价,面积㎡,房龄,楼层,朝向,到市中心距离km,到最近地铁距离km,学区
P00001,5,11,91740.0,82208.2,152.0,3.4,23,南,11.522,4.7,1
P00002,3,6,26370.5,23668.8,106.1,20.1,27,南,23.63,4.35,0
P00003,15,22,31201.7,40127.4,76.5,18.4,16,南,13.355,0.488,1
P00004,15,22,100806.8,72116.8,153.8,26.8,27,东,1.905,0.41,1
P00005,7,16,43642.7,52444.2,133.8,18.4,6,南,16.227,3.199,0
P00006,20,21,52529.3,59397.0,49.0,0.9,28,西南,2.585,4.932,1
P00007,13,22,37017.9,35576.0,97.3,28.2,12,东南,21.536,4.729,0
P00008,1,10,50536.0,43644.5,107.8,9.3,27,西,2.385,2.689,0
P00009,15,22,36468.7,34718.9,138.5,28.6,5,南,22.982,4.658,0
P00010,8,19,31476.7,26642.4,61.4,20.5,14,东,13.794,2.73,0
P00011,8,17,33418.5,32687.4,83.3,18.7,24,南,4.438,2.45,0
P00012,22,24,32940.5,33897.2,130.0,24.9,20,北,19.734,4.972,0
P00013,3,11,45829.0,33585.6,111.4,4.6,7,东南,11.517,2.126,1
P00014,21,22,33474.9,36498.6,69.5,5.8,2,南,10.246,1.693,1
P00015,2,3,24073.5,21224.2,108.6,24.1,5,西,23.062,1.144,0
P00016,5,10,45346.0,45572.9,94.0,11.0,4,北,10.399,4.999,1
P00017,5,10,40854.1,42081.7,120.8,13.1,14,西,18.294,2.245,1
P00018,3,13,26327.8,29412.3,87.5,9.1,21,西,5.213,3.532,0
P00019,15,17,40423.9,39385.8,56.0,10.9,23,东,8.326,2.369,1
P00020,17,18,50131.6,54568.0,137.1,23.6,3,西南,9.55,1.792,1
P00021,8,18,28287.1,32928.1,67.2,15.1,3,南,18.551,2.902,0
P00022,20,24,57094.3,56134.4,149.3,10.5,14,南,14.436,4.973,1
P00023,14,17,55201.2,51021.9,109.7,5.1,29,南,6.992,1.631,0
P00024,7,19,57991.4,63303.8,100.0,15.1,24,南,5.586,3.105,1
P00025,14,18,45852.8,42000.7,151.1,16.4,15,西南,11.511,0.817,0
P00026,10,15,75427.5,72448.1,150.3,29.3,21,西,5.002,0.654,1
P00027,23,24,67347.9,69986.8,153.4,12.3,13,东,9.885,3.549,1
P00028,17,19,49663.9,52507.3,136.7,20.9,28,东南,4.678,1.279,0
P00029,7,16,25264.3,21243.8,71.0,26.2,29,北,13.409,4.246,1
P00030,16,20,31277.2,30603.9,65.6,10.7,15,南,18.802,4.617,0
P00031,3,14,39596.3,38767.5,157.3,21.9,16,北,3.87,4.43,0
P00032,1,8,55166.7,56705.0,114.1,18.6,25,东,5.083,0.178,1
P00033,21,22,31197.9,33285.9,68.0,26.1,20,南,4.638,3.925,0
P00034,14,24,36514.1,42624.4,108.9,17.8,15,东,6.294,1.23,1
P00035,10,13,40740.1,40713.1,48.4,1.5,14,东,22.758,3.979,1
P00036,5,8,34019.7,35727.2,57.3,13.4,25,南,8.117,4.311,1
P00037,16,17,36410.3,40451.6,103.2,23.1,29,东南,12.611,1.074,1
P00038,21,24,42961.0,49797.5,124.1,19.8,11,西,5.699,2.618,0
P00039,19,21,37637.8,34698.9,117.9,22.9,27,西,11.435,0.884,1
P00040,22,24,40804.3,42726.4,102.8,25.7,2,南,12.491,4.98,0
P00041,17,21,44741.0,45785.5,86.6,17.9,3,南,13.107,2.425,1
P00042,6,16,46217.1,56567.7,78.3,15.6,7,南,10.325,2.628,1
P00043,5,9,31994.2,33692.9,61.1,17.6,26,北,11.123,2.178,0
P00044,13,14,63018.8,61484.7,142.1,15.2,19,西,14.285,3.588,0
P00045,2,11,49546.2,50724.5,148.3,2.8,7,南,18.203,1.303,0
P00046,7,16,46637.3,53145.3,80.3,3.4,16,南,5.928,4.764,1
P00047,23,24,31040.4,33485.8,59.6,0.9,10,西,17.708,4.318,0
P00048,2,3,39620.8,41759.8,116.1,5.8,12,北,24.353,1.476,1
P00049,2,4,46046.3,47555.0,156.9,23.9,3,南,20.405,1.788,0
P00050,8,9,45219.9,46305.8,152.5,25.2,2,北,24.723,2.154,0
P00051,11,12,42824.2,46526.5,70.5,8.4,14,东,1.135,3.799,1
P00052,21,24,37272.1,36543.1,64.4,4.3,12,南,6.106,3.102,0
P00053,10,12,54166.3,62547.1,133.9,18.5,8,南,1.708,4.964,1
P00054,5,6,41442.7,42806.8,111.4,8.2,15,南,6.789,4.911,0
P00055,22,24,39351.7,50633.9,50.9,14.4,19,北,4.216,4.788,1
P00056,7,14,24838.4,21700.7,45.1,21.8,5,东,19.766,2.293,1
P00057,18,22,54992.1,53608.8,131.3,22.8,6,西,10.453,4.567,1
P00058,21,22,38973.7,36886.6,72.6,8.0,28,东南,17.504,2.553,0
P00059,10,20,39694.5,57283.4,138.9,27.9,6,西,14.476,2.195,1
P00060,21,22,41670.7,41645.9,143.9,22.9,6,北,17.659,4.879,1
P00061,22,24,20232.2,19576.7,80.1,27.2,13,北,24.991,1.53,1
P00062,16,22,29668.7,33168.8,48.7,17.5,6,北,3.135,4.677,0
P00063,12,16,36303.9,37997.2,76.1,13.4,22,西,10.269,3.084,1
P00064,7,19,46956.5,48711.4,84.1,17.2,2,东,4.558,4.832,1
P00065,23,24,23514.1,19847.4,91.0,26.4,16,东,11.814,3.786,1
P00066,18,19,53522.2,46634.4,152.4,20.3,23,南,17.632,2.095,1
P00067,1,3,47897.9,46785.9,151.5,12.4,8,西南,9.405,3.336,0
P00068,15,17,37500.1,39980.6,91.8,16.5,9,西,9.064,4.08,0
P00069,8,9,37215.3,40749.8,55.5,10.2,24,西,9.009,2.573,1
P00070,3,8,16594.7,17868.7,52.6,27.0,8,东南,16.709,3.184,1
P00071,14,16,24136.0,25927.0,47.4,16.4,11,南,21.011,1.19,0
P00072,9,19,61338.6,39284.2,105.6,7.4,19,东,19.308,4.443,1
P00073,17,19,44756.4,46740.5,123.9,16.8,23,南,22.339,4.94,1
P00074,19,20,47559.1,46215.0,114.3,7.9,25,东南,10.087,1.778,0
P00075,6,13,23073.9,20477.3,54.2,19.9,19,南,16.209,3.538,0
P00076,13,19,32795.7,29120.8,66.2,11.3,25,东,3.783,4.443,0
P00077,22,23,24485.4,25435.9,46.6,23.1,30,东南,7.833,4.047,1
P00078,2,10,55151.9,51260.3,131.7,4.5,11,南,3.818,1.922,1
P00079,6,15,49317.2,44199.1,119.4,10.9,10,东南,23.776,1.44,1
P00080,21,23,39634.9,41719.0,155.8,21.3,30,东,20.986,3.152,0
P00081,6,9,34240.8,34412.2,97.7,1.4,1,东,24.36,3.72,1
P00082,2,6,49737.9,41160.2,147.6,16.5,7,北,14.13,4.428,0
P00083,15,20,58878.9,51961.3,110.4,24.1,10,东,21.495,0.755,1
P00084,1,10,34738.2,28587.9,100.7,11.2,5,南,23.229,1.709,1
P00085,21,22,36707.1,34235.3,68.2,1.1,1,西南,21.917,3.915,1
P00086,16,19,37698.8,43216.1,117.5,4.2,1,北,18.198,0.329,1
P00087,11,15,35279.2,32319.9,110.6,27.2,13,南,22.423,0.938,1
P00088,23,24,29181.7,29893.0,49.4,0.2,7,西,17.093,3.817,0
P00089,17,20,68196.2,56633.8,159.6,22.5,26,西,14.885,2.199,1
P00090,7,18,28971.5,24714.4,78.6,15.6,3,东南,22.96,4.879,0
P00091,21,23,48751.4,47059.5,122.8,22.1,9,东,2.323,3.157,0
P00092,17,20,64064.3,57132.1,143.4,8.7,18,南,5.791,3.224,1
P00093,21,23,25227.6,24915.5,65.4,15.0,17,西,17.608,1.397,1
P00094,1,2,53765.0,50380.5,148.7,22.3,8,西,7.104,0.939,1
P00095,11,20,72628.6,76410.0,149.4,12.3,15,南,12.66,0.131,0
P00096,5,8,45918.8,37348.7,95.3,5.6,8,南,21.73,2.639,1
P00097,10,18,26686.8,32182.2,85.0,25.9,13,西,13.355,3.388,0
P00098,18,23,34959.2,27282.8,47.9,11.0,17,东,18.711,4.98,0
P00099,4,7,27549.8,27742.5,54.6,14.9,23,东,20.203,2.519,1
P00100,17,19,40250.1,42090.7,132.5,15.2,27,西,15.91,3.899,1
P00101,2,6,44400.4,42085.0,117.0,14.6,7,西南,23.113,0.653,0
P00102,7,18,48778.3,45383.9,137.7,28.1,29,南,3.218,0.554,0
P00103,19,24,61097.5,69891.0,154.5,15.1,18,南,22.828,1.935,1
P00104,15,21,28273.5,27724.4,85.1,13.0,11,北,17.22,4.159,0
P00105,18,24,33961.1,29466.6,64.6,5.4,12,西,2.029,1.811,0
P00106,9,12,50727.2,49109.3,78.8,3.0,9,东南,4.301,0.968,1
P00107,21,23,39257.0,48321.1,121.6,17.8,6,东南,18.164,4.95,0
P00108,19,20,27314.5,36296.6,111.8,27.8,2,南,24.208,1.483,0
P00109,13,14,64986.6,65018.5,138.9,3.4,25,南,6.561,4.111,1
P00110,1,3,44115.9,56510.7,133.2,12.4,27,东南,19.137,1.688,0
P00111,8,17,52176.9,48805.6,82.3,13.9,20,东,10.249,2.362,0
P00112,5,12,41473.7,40543.4,121.6,13.4,19,南,23.926,4.986,1
P00113,4,6,21230.5,23505.5,45.3,21.3,1,北,21.526,0.457,1
P00114,15,22,48392.8,37953.4,86.8,12.2,7,西,18.677,1.048,1
P00115,18,20,47615.7,46896.2,65.8,2.7,16,西,23.419,1.259,0
P00116,16,23,38081.5,48911.8,108.2,11.2,16,南,20.685,3.01,1
P00117,23,24,36236.2,37537.8,140.1,14.2,11,南,22.094,2.803,0
P00118,8,19,25183.5,23449.2,81.5,16.7,23,东南,24.038,4.21,0
P00119,17,24,25429.0,35238.9,81.7,19.1,1,西南,14.106,2.334,0
P00120,9,17,40360.2,39875.3,129.9,24.9,6,东南,15.114,2.403,1
P00121,16,17,41553.3,43898.0,69.1,28.9,10,东,5.405,0.791,1
P00122,6,12,36652.1,36363.1,72.2,3.7,22,北,10.781,3.081,0
P00123,14,24,37522.3,33305.7,82.8,2.0,3,南,23.682,2.034,1
P00124,21,23,16930.1,14681.9,69.9,29.4,6,西,22.814,3.731,0
P00125,8,13,33308.9,46054.3,70.4,2.3,15,东,21.343,3.78,0
P00126,5,9,40959.1,35831.6,141.2,9.4,22,南,24.673,2.029,0
P00127,17,24,28106.5,23309.7,67.3,28.0,15,南,9.382,1.382,1
P00128,23,24,89302.2,78763.9,149.1,17.5,17,南,3.856,4.68,0
P00129,7,16,23644.5,24016.7,95.4,25.8,27,西,14.093,2.858,0
P00130,21,23,68605.5,81327.3,131.9,6.4,9,西,19.323,1.452,1
P00131,7,14,34858.1,48515.1,86.3,0.4,14,南,16.323,3.783,1
P00132,13,23,44483.0,48569.0,120.8,21.8,1,东南,5.126,2.555,1
P00133,2,8,30195.9,27197.6,48.5,3.0,12,南,8.421,3.933,1
P00134,6,12,38278.4,40038.8,98.3,8.8,18,北,17.439,2.99,0
P00135,23,24,36127.2,34258.5,64.3,29.9,19,北,4.621,3.325,1
P00136,7,9,27424.2,24223.3,73.0,21.2,11,北,20.946,4.531,1
P00137,15,20,43884.6,48032.8,142.6,8.9,10,南,10.812,4.35,0
P00138,15,16,42807.7,46032.4,138.8,13.0,30,北,17.622,3.642,1
P00139,6,7,43032.8,37130.0,81.0,8.2,30,北,17.487,1.824,1
P00140,21,23,39315.8,39855.6,75.2,29.0,15,东,11.689,0.28,0
P00141,22,24,32960.8,34917.8,54.5,25.3,30,东南,7.746,2.885,0
P00142,10,21,31898.8,29004.2,128.8,29.9,5,南,21.271,4.235,0
P00143,12,24,32525.4,24352.4,87.6,23.1,18,东南,14.826,2.051,0
P00144,10,22,37192.2,51113.1,81.4,26.1,6,东,13.506,1.635,0
P00145,12,21,52474.3,64806.8,148.9,6.7,13,南,22.205,0.173,1
P00146,6,10,36281.5,30496.8,88.8,13.1,25,东,19.128,2.393,1
P00147,7,11,44351.7,52446.5,144.4,28.9,21,东,5.398,4.912,0
P00148,5,10,50123.0,58719.1,128.4,10.1,15,南,6.699,4.817,0
P00149,18,21,39322.9,48407.5,120.6,24.8,20,北,6.843,1.351,1
P00150,7,18,39655.8,31940.2,107.2,23.1,16,北,12.136,2.85,0
P00151,8,17,32874.6,40159.1,109.2,18.2,26,南,18.903,4.009,0
P00152,21,24,41021.7,38017.4,90.7,11.4,20,南,8.168,4.681,0
P00153,2,9,50712.9,68523.3,91.4,6.4,21,东南,4.496,3.117,1
P00154,1,12,50004.2,45642.3,157.0,10.9,1,东南,24.111,0.76,0
P00155,18,20,52427.4,47076.0,141.3,23.1,18,东,17.635,2.667,1
P00156,22,24,47525.6,47369.9,110.7,17.7,13,西,23.183,1.006,0
P00157,8,16,36029.5,30521.7,75.4,20.6,26,西南,8.895,2.169,0
P00158,22,24,36548.5,35729.5,106.8,26.6,12,东,3.217,4.433,1
P00159,5,6,25932.5,24916.0,69.6,29.9,5,南,7.849,1.982,1
P00160,14,20,33644.1,33420.8,104.4,23.4,26,北,20.812,3.672,1
P00161,12,18,34963.5,30407.6,96.2,8.2,29,东,24.094,4.403,1
P00162,21,24,37226.6,32634.5,47.1,12.7,28,南,2.927,0.138,0
P00163,10,15,28645.5,32074.8,68.4,22.7,7,西,2.778,2.19,1
P00164,20,23,39283.5,39753.9,128.3,16.2,4,东,14.146,2.914,0
P00165,23,24,20846.1,21771.9,49.7,13.9,13,南,20.111,2.658,0
P00166,23,24,46759.0,56379.0,113.0,12.1,17,东南,22.446,3.58,1
P00167,3,6,47411.5,42143.3,111.1,16.5,8,东,8.177,1.056,0
P00168,4,10,38300.2,37599.0,132.3,17.3,5,北,17.508,1.284,0
P00169,21,23,35612.8,44767.3,82.0,8.6,8,南,9.392,4.032,0
P00170,11,20,26667.4,25246.7,69.5,15.9,15,南,23.435,2.164,1
P00171,12,18,32420.3,24476.1,77.1,18.4,5,南,2.526,2.916,1
P00172,13,16,34430.3,29146.8,95.6,4.3,13,东南,11.596,1.558,1
P00173,19,22,61010.6,68268.1,144.5,17.3,27,北,8.928,4.833,1
P00174,12,24,62759.0,50830.9,60.2,0.6,12,东南,15.71,0.841,0
P00175,10,15,42353.2,42195.5,96.5,1.8,28,北,24.975,4.147,1
P00176,20,23,37210.5,43993.2,46.1,5.5,7,北,20.92,4.432,0
P00177,5,14,93115.9,90960.6,156.6,5.3,27,东南,4.786,4.162,1
P00178,5,6,32341.0,31325.8,122.3,24.6,26,西,17.397,4.766,1
P00179,3,7,36327.3,32563.8,59.1,6.6,28,西南,14.605,3.813,0
P00180,7,8,71721.4,64222.9,149.5,18.2,25,南,3.98,0.761,1
P00181,4,14,30935.2,34806.9,75.4,29.1,21,东南,5.87,4.822,1
P00182,8,20,39389.8,39736.3,142.3,15.0,16,南,8.964,3.846,0
P00183,6,9,48857.1,46173.0,126.8,22.2,4,东南,12.802,3.687,1
P00184,5,17,46329.9,52273.7,104.6,0.6,26,东南,23.823,0.853,1
P00185,5,17,19066.0,15712.0,50.1,10.7,26,东,24.236,3.9,0
P00186,11,21,61157.2,78677.4,124.5,4.5,23,东,16.589,0.535,1
P00187,2,8,31967.0,24519.7,66.0,5.4,16,西,24.669,1.62,0
P00188,6,8,28333.5,25643.0,70.4,8.6,15,北,9.76,3.353,0
P00189,7,14,39175.1,45794.2,88.5,22.8,9,西,6.331,2.085,1
P00190,19,20,48345.2,46952.5,98.0,16.7,11,南,3.134,4.1,1
P00191,19,24,83924.0,85663.5,155.2,10.0,2,南,1.045,2.044,1
P00192,10,20,51839.2,76394.3,77.4,21.2,24,南,6.374,2.485,0
P00193,9,12,40142.3,34762.5,93.5,6.0,15,北,23.287,3.144,1
P00194,18,19,66682.0,82353.8,145.0,10.5,18,南,19.537,0.945,1
P00195,8,17,35479.6,37672.6,74.2,6.3,16,东南,20.199,4.572,1
P00196,18,22,21162.9,28653.7,74.1,22.8,26,北,10.977,4.577,0
P00197,19,20,31884.5,33810.4,87.8,23.0,24,南,22.149,1.837,0
P00198,23,24,28605.2,29399.0,72.4,3.7,20,北,19.473,4.46,0
P00199,20,23,39990.8,43665.2,97.9,9.1,9,北,21.607,1.177,1
P00200,6,12,32599.1,30816.1,99.1,24.2,18,南,11.538,4.295,0
P00201,4,8,43784.7,38156.9,130.2,16.8,22,北,18.376,0.245,1
P00202,4,16,33787.4,47100.8,89.9,7.5,20,西,20.672,0.169,1
P00203,11,17,35124.3,32912.4,49.8,14.4,23,南,23.247,1.826,0
P00204,23,24,38086.2,46859.0,62.6,13.9,23,东南,7.07,2.024,0
P00205,11,20,27474.0,20451.6,84.3,28.8,13,南,22.175,1.654,1
P00206,11,21,43027.7,49878.0,132.9,25.2,1,南,11.151,1.471,1
P00207,21,22,39164.2,43403.3,78.0,5.9,26,南,22.113,1.748,0
P00208,1,12,32910.2,22039.1,84.5,3.2,27,东,20.206,1.417,0
P00209,2,9,53393.0,51201.9,146.5,1.0,12,南,9.842,3.826,1
P00210,9,14,16480.6,20599.4,53.7,12.1,7,南,20.368,3.813,0
P00211,18,22,39253.8,45761.2,94.3,22.6,17,北,19.65,1.821,0
P00212,16,20,37583.3,49339.5,89.4,0.2,17,南,17.653,4.909,0
P00213,13,14,33362.5,30968.5,94.6,11.9,30,北,14.694,4.317,1
P00214,13,17,37584.6,37128.6,77.1,9.1,5,南,16.722,0.167,1
P00215,20,24,48067.9,46209.8,143.4,28.1,2,南,2.956,4.551,0
P00216,9,15,46656.2,49196.8,110.2,17.1,6,北,10.834,1.444,1
P00217,20,21,47266.1,45638.7,84.8,4.6,25,北,24.924,0.51,1
P00218,17,18,24650.7,26276.6,49.6,8.8,9,南,24.457,1.785,1
P00219,2,11,32191.0,27642.9,46.5,5.2,8,南,5.54,2.026,0
P00220,9,19,38076.4,55999.1,107.8,14.7,6,南,7.212,1.587,0
P00221,21,24,26701.5,24336.6,79.1,16.3,20,北,20.802,0.751,1
P00222,1,8,46565.0,56372.4,137.1,13.2,30,东,20.449,2.673,0
P00223,14,19,36253.7,39612.6,47.6,23.1,26,南,5.187,0.242,1
P00224,12,16,34584.9,42398.6,52.2,3.1,11,西,15.517,0.668,1
P00225,1,6,50439.5,63371.5,123.8,10.2,29,东,12.075,3.472,0
P00226,9,17,29726.6,28461.0,102.8,20.2,16,南,22.258,1.099,0
P00227,22,23,31433.8,28540.2,75.9,17.9,16,西,21.48,0.433,0
P00228,22,23,28030.9,27914.7,63.0,2.6,29,南,16.054,4.885,0
P00229,16,19,28747.3,24127.1,64.9,7.0,23,南,12.172,1.849,0
P00230,9,21,40215.7,32511.5,93.1,7.9,8,南,7.938,4.843,1
P00231,9,18,35005.8,31873.0,83.0,26.5,15,东南,8.184,0.62,0
P00232,6,9,47564.7,48145.4,124.5,19.4,28,南,9.731,2.476,1
P00233,15,24,35073.7,34214.1,104.1,13.1,25,南,13.758,3.273,1
P00234,7,8,29585.1,27173.0,54.2,5.5,4,东,4.265,0.626,0
P00235,8,11,26496.7,25788.1,90.0,10.6,29,南,23.457,3.723,0
P00236,14,15,96123.4,83617.3,148.0,3.6,17,东,6.182,3.889,1
P00237,2,8,31835.5,31005.0,81.9,10.5,15,南,23.876,0.419,0
P00238,6,11,50636.4,45208.0,92.5,6.9,27,南,7.799,4.838,1
P00239,19,22,46511.0,38787.3,67.1,4.2,10,北,14.927,1.145,0
P00240,15,24,37347.4,40941.5,52.8,4.8,3,南,5.846,0.196,1
P00241,10,13,26009.4,28739.5,85.5,0.1,2,东,21.494,4.457,0
P00242,6,9,35390.7,35260.6,72.8,18.9,1,东,7.476,2.256,0
P00243,5,13,37606.1,45510.0,75.7,13.1,25,北,4.076,2.323,1
P00244,16,24,54139.2,55469.9,145.8,20.7,28,西,21.862,0.981,0
P00245,13,17,43903.0,39547.7,139.5,20.3,21,东,24.638,0.906,0
P00246,11,20,29275.4,30278.5,99.2,18.1,16,南,13.967,2.922,0
P00247,13,22,25472.9,31165.8,53.0,20.8,11,南,23.753,2.148,0
P00248,18,21,34282.4,28502.2,50.7,2.2,10,南,16.934,0.439,1
P00249,20,23,33412.9,36174.0,69.2,1.5,1,北,13.813,2.946,1
P00250,16,22,33304.4,30071.8,90.4,15.9,2,南,17.649,4.964,1
P00251,21,22,29901.7,28663.9,135.4,26.8,10,南,24.584,3.25,0
P00252,21,23,54744.6,62525.5,114.8,13.9,4,南,4.545,2.914,0
P00253,15,24,41937.1,45850.8,113.0,7.8,4,东,24.673,3.994,0
P00254,21,22,53271.3,44797.5,82.1,4.3,12,东南,15.132,4.076,0
P00255,15,23,22135.4,23441.6,56.8,20.0,22,南,18.89,4.327,1
P00256,2,4,42913.3,40837.4,91.8,19.4,1,南,12.521,3.408,1
P00257,7,11,37384.6,38097.4,72.7,0.0,17,北,20.316,0.594,1
P00258,19,22,40449.8,47889.7,60.2,0.3,7,南,1.417,1.562,0
P00259,14,18,50848.5,42816.3,46.5,18.6,8,南,12.031,4.349,1
P00260,14,16,31245.1,32124.7,87.7,20.8,23,南,16.092,4.73,0
P00261,17,24,27986.3,44443.7,49.2,1.8,1,南,8.689,1.337,0
P00262,6,17,43145.6,31764.1,117.1,29.5,14,西,4.916,3.438,0
P00263,8,11,41565.0,38930.7,118.4,6.9,9,北,15.792,1.359,0
P00264,18,19,35289.7,37577.8,107.2,15.9,12,东,22.812,3.949,0
P00265,7,15,69751.1,73599.6,112.8,1.5,6,东,14.839,4.925,0
P00266,22,24,36454.3,36941.5,84.2,25.6,9,北,3.613,0.471,0
P00267,1,6,38028.3,40127.6,112.6,22.6,22,西南,1.154,0.166,1
P00268,8,9,36787.0,44347.6,120.3,16.0,7,南,12.52,1.814,0
P00269,2,7,64103.2,85114.8,153.9,23.4,2,北,2.413,2.498,1
P00270,8,10,48452.1,51678.4,120.0,27.1,3,东南,7.128,3.83,0
P00271,13,21,24362.2,22276.5,95.9,28.6,1,南,24.93,2.751,1
P00272,22,23,33097.1,35174.8,54.9,10.3,29,东,13.027,1.895,1
P00273,5,14,76887.9,62735.0,138.4,14.2,28,南,7.757,2.447,1
P00274,15,22,48968.3,52727.8,123.9,13.4,21,南,2.173,3.701,1
P00275,4,16,21882.7,27157.0,47.0,3.0,8,北,21.841,2.379,1
P00276,3,11,41540.7,33280.6,85.8,13.9,18,南,5.328,0.728,1
P00277,16,23,27702.6,26464.3,68.4,23.9,6,南,7.61,1.662,1
P00278,18,21,27100.2,25589.5,71.8,12.6,6,南,22.413,4.126,1
P00279,2,11,28435.4,17028.9,53.6,23.0,18,东,17.994,1.272,0
P00280,10,16,28715.5,30645.5,59.7,16.3,3,南,10.721,3.487,1
P00281,4,5,37929.8,37766.1,108.7,7.3,28,南,24.037,0.818,1
P00282,11,17,15803.7,15238.4,53.6,8.9,8,南,23.492,2.721,1
P00283,20,22,38796.6,44176.3,110.7,14.2,7,东,21.088,4.489,1
P00284,13,15,20794.3,21543.6,49.0,24.5,24,南,24.428,3.912,0
P00285,17,23,34892.0,30672.7,59.6,11.6,27,南,10.111,4.931,1
P00286,15,16,24273.6,22998.3,72.8,16.2,24,南,12.762,3.11,0
P00287,2,11,43451.7,47346.2,112.1,10.3,16,东,6.194,1.828,0
P00288,4,8,29962.6,28953.4,49.0,13.4,26,西,1.924,1.463,1
P00289,23,24,47486.6,42699.0,151.9,23.7,18,东南,21.823,0.903,0
P00290,5,15,54882.3,64121.8,153.8,17.6,16,西南,10.215,4.149,1
P00291,4,14,53999.9,78228.0,155.5,5.5,13,西,10.97,4.306,0
P00292,21,24,70505.1,86927.2,136.4,1.6,25,南,13.11,2.916,1
P00293,20,23,19538.4,15713.8,62.5,15.9,22,东南,16.253,2.835,0
P00294,15,21,55237.0,42730.0,131.6,15.3,1,南,12.435,0.315,0
P00295,4,14,29731.7,29421.6,68.3,26.9,7,西,4.36,4.22,0
P00296,17,23,44932.5,50512.1,128.6,19.5,20,南,20.554,0.264,0
P00297,9,16,26538.6,29959.3,80.6,11.8,25,北,24.797,0.685,1
P00298,21,22,56716.6,43112.9,119.8,3.5,14,东,19.866,4.198,1
P00299,11,22,28641.5,38281.1,83.2,24.2,22,南,5.324,2.07,0
P00300,22,23,36037.6,42802.2,74.9,15.1,17,东南,5.789,2.664,1
P00301,3,11,63396.4,40384.4,115.0,9.0,14,南,17.554,1.593,1
P00302,12,21,34247.7,44329.2,106.6,27.9,16,西南,14.887,2.799,1
P00303,6,8,48909.5,46798.5,148.6,24.9,9,东,11.159,4.023,0
P00304,21,23,47438.8,52465.9,83.3,5.8,2,南,15.596,2.074,1
P00305,9,17,57595.5,56811.6,142.1,10.2,8,北,5.51,1.921,0
P00306,9,11,39042.9,39528.4,139.9,20.3,17,西,15.985,0.928,1
P00307,2,14,46426.0,73282.4,118.4,21.8,13,东南,6.636,3.784,1
P00308,21,24,24109.2,28146.8,46.9,8.7,26,南,20.752,0.157,1
P00309,20,22,24404.3,25108.4,64.3,25.6,6,南,9.828,3.205,1
P00310,18,19,38470.3,39100.0,92.1,16.8,21,东,12.247,2.356,0
P00311,2,9,30891.4,26479.5,62.1,7.4,16,东,21.33,0.282,0
P00312,3,11,49069.3,56799.6,69.4,27.1,21,南,2.394,0.569,1
P00313,20,22,23063.0,26297.9,63.9,3.3,20,东,24.352,4.923,0
P00314,1,9,30350.2,30934.7,155.1,16.7,19,南,18.461,4.712,0
P00315,20,21,32569.8,29119.4,71.0,11.1,17,北,19.635,2.419,1
P00316,7,12,51500.7,42502.1,121.0,17.7,14,西,11.894,3.842,0
P00317,14,22,62407.6,55604.0,82.6,2.2,10,南,1.513,0.963,0
P00318,23,24,38717.7,33309.9,115.5,16.6,3,南,3.259,2.984,1
P00319,19,23,46617.0,45198.9,152.9,28.1,18,南,21.533,1.955,0
P00320,9,21,27420.4,45903.0,55.4,2.4,18,南,16.729,3.021,1
P00321,3,12,32351.1,24340.1,83.5,3.7,1,东,19.481,2.472,0
P00322,2,5,39181.6,38376.5,102.8,9.0,13,南,10.945,0.856,0
P00323,9,18,26339.7,15986.5,86.5,29.9,19,南,10.081,4.505,0
P00324,15,21,43689.9,55628.8,129.8,19.2,27,南,20.681,1.766,0
P00325,16,22,59372.2,51955.4,147.2,18.5,29,北,6.401,4.324,1
P00326,14,23,41949.3,40944.1,97.7,15.2,23,南,7.302,0.294,0
P00327,19,22,59307.8,65966.6,114.7,9.7,17,南,2.618,4.389,0
P00328,9,20,37653.0,24712.7,52.9,18.0,13,南,10.974,0.775,1
P00329,18,20,43544.5,48962.8,139.6,14.9,22,西,13.002,2.154,0
P00330,11,18,57252.0,48541.6,156.7,18.0,9,南,13.165,4.625,0
P00331,23,24,46062.3,53194.5,155.7,19.4,3,北,9.047,3.23,0
P00332,5,9,30586.2,35902.1,101.0,0.7,5,东,22.531,4.044,0
P00333,12,19,32390.5,37240.6,111.7,21.1,6,南,15.091,3.759,1
P00334,19,21,59253.3,64861.9,101.5,6.8,23,南,7.267,0.239,0
P00335,11,23,42298.8,36827.8,144.6,16.3,15,南,1.244,4.592,0
P00336,5,6,25958.1,27358.8,64.0,17.7,11,东,14.371,0.715,1
P00337,18,21,31480.4,27869.0,81.5,5.5,2,东南,18.488,1.482,0
P00338,17,22,30063.0,27387.0,103.0,13.3,3,西南,18.477,3.882,1
P00339,4,8,39862.6,41276.5,116.3,1.5,13,南,18.15,1.114,0
P00340,22,24,60400.2,69913.7,120.9,5.3,29,西,2.754,1.527,1
P00341,8,19,28676.2,36472.0,53.6,22.8,5,东南,24.946,0.366,1
P00342,13,23,48186.4,57094.7,139.2,18.6,9,南,4.786,4.154,0
P00343,23,24,30065.7,31844.4,46.8,19.4,29,西,4.475,4.197,1
P00344,6,18,47236.0,51289.4,76.9,21.5,25,西,5.956,2.029,0
P00345,22,23,56442.4,67053.7,142.7,3.0,29,东,19.424,2.16,0
P00346,5,7,41980.7,37329.4,81.7,4.0,2,北,14.545,3.6,0
P00347,6,8,33420.5,33394.4,111.8,6.4,25,东南,24.275,2.059,0
P00348,22,24,79816.7,83149.1,128.6,13.3,26,北,1.34,2.327,1
P00349,16,22,40446.7,48816.8,62.8,10.9,2,南,4.231,4.971,0
P00350,1,13,38290.5,37304.3,118.4,16.8,12,北,1.882,2.242,0
P00351,20,23,44475.4,45986.9,83.0,4.9,19,南,16.534,2.106,0
P00352,16,19,41235.2,42612.1,55.1,15.5,3,南,20.791,1.709,1
P00353,8,13,24257.4,23384.4,48.1,22.4,18,东,13.837,3.791,0
P00354,12,20,24267.7,25566.9,48.7,27.6,27,北,22.936,3.742,0
P00355,9,17,42217.8,37387.2,69.7,1.3,19,西,20.151,2.073,1
P00356,8,9,56822.5,56883.2,134.3,24.0,24,北,9.436,2.156,0
P00357,19,22,48704.0,50649.7,149.6,24.8,15,东,3.112,3.74,1
P00358,22,23,56088.2,49941.3,122.8,0.3,12,北,24.577,0.903,1
P00359,11,16,39216.1,34654.5,96.2,12.3,23,南,5.336,1.439,0
P00360,3,4,24759.5,25202.0,47.3,16.5,5,南,13.347,4.252,1
P00361,2,13,40090.2,35923.5,155.0,22.6,26,南,18.392,0.613,1
P00362,6,7,45403.1,44315.1,139.7,6.5,2,南,16.748,1.247,0
P00363,2,11,18327.1,19273.0,68.5,14.4,6,南,13.824,3.939,0
P00364,19,22,54857.8,65905.9,89.2,16.8,13,南,2.584,2.364,1
P00365,15,24,48492.7,60338.7,79.3,9.3,21,西南,6.101,1.673,1
P00366,6,17,92621.7,90106.6,159.9,7.4,19,南,4.315,0.915,1
P00367,5,10,55971.8,46540.0,159.8,12.2,19,北,8.348,4.467,1
P00368,10,15,31219.5,23972.0,108.9,29.5,6,西,22.187,3.077,0
P00369,2,12,33367.2,46527.7,105.7,21.7,29,西,1.952,2.471,0
P00370,12,17,58078.3,52966.9,88.4,3.1,22,南,8.184,2.836,0
P00371,1,11,31611.7,36511.1,64.4,12.4,2,北,5.165,1.259,1
P00372,9,11,73037.5,76513.5,126.2,21.4,12,南,5.744,1.856,1
P00373,13,15,47095.1,55549.1,133.9,7.6,13,西,2.466,1.841,1
P00374,17,20,34856.4,38648.8,48.6,5.4,18,东南,12.018,4.944,1
P00375,11,23,44789.4,50892.7,105.0,7.4,1,南,7.137,2.944,0
P00376,19,21,22197.0,25634.3,94.7,29.6,8,北,10.142,3.234,1
P00377,16,23,44675.4,34376.6,117.2,11.3,25,南,16.59,2.998,1
P00378,16,20,44589.2,37353.0,104.3,8.9,8,南,15.359,4.914,0
P00379,16,24,42144.8,31437.4,57.2,2.0,11,南,1.8,3.008,0
P00380,23,24,42556.1,43204.0,140.0,19.5,24,北,12.209,2.526,1
P00381,8,12,64302.7,60481.9,145.6,23.1,19,南,13.447,2.833,1
P00382,7,12,32779.7,32085.6,47.2,7.7,29,南,11.329,4.869,0
P00383,4,11,26440.7,23096.6,59.4,7.5,6,北,14.495,4.419,0
P00384,12,16,31957.3,32746.8,139.5,23.0,18,东南,17.605,1.088,1
P00385,14,21,26929.6,29015.5,82.5,13.4,28,南,17.398,1.148,1
P00386,5,17,19539.2,13516.3,85.1,21.6,10,西,22.332,2.021,0
P00387,22,24,48872.5,56356.7,156.0,15.0,26,西南,18.149,3.941,0
P00388,19,20,51324.1,45592.5,147.5,19.6,8,北,3.526,2.206,1
P00389,18,22,45142.8,47221.9,115.0,4.9,24,南,2.087,0.854,0
P00390,14,16,46374.8,46704.9,157.8,4.1,20,东,23.094,3.49,1
P00391,15,21,32999.7,29069.2,73.2,21.2,25,西,12.7,1.715,1
P00392,21,24,60679.7,68719.8,158.1,23.1,8,南,24.205,0.526,0
P00393,19,20,57109.9,54179.8,103.0,24.2,12,南,7.531,1.733,1
P00394,16,23,37243.2,41080.7,101.0,9.3,11,南,23.345,1.516,1
P00395,19,21,46465.5,43084.5,158.6,14.6,26,南,5.472,4.36,0
P00396,21,24,39524.3,40084.1,85.6,26.0,30,南,22.58,1.986,0
P00397,21,24,68763.3,76049.5,149.4,10.6,10,西,2.919,0.361,0
P00398,17,21,44402.4,40966.0,130.1,24.0,7,西南,11.952,0.594,1
P00399,21,24,46663.3,43573.8,103.7,12.5,25,东南,10.55,4.087,0
P00400,9,11,50159.1,46903.7,101.5,10.6,25,东南,21.06,0.15,0
P00401,11,16,58683.1,57346.7,133.3,4.0,4,东,8.447,0.305,1
P00402,12,17,35702.5,28497.9,67.7,8.0,9,南,22.429,3.871,1
P00403,6,11,45489.4,36694.3,75.0,2.1,25,北,14.06,2.592,0
P00404,9,11,38867.5,39393.0,132.5,9.3,6,南,8.919,3.342,1
P00405,4,5,67956.7,69344.4,141.1,16.0,22,东,6.71,1.638,1
P00406,9,19,23956.1,32227.6,77.1,5.1,29,东,21.147,2.151,0
P00407,13,15,22439.3,26497.0,52.1,19.8,16,北,19.97,4.973,1
P00408,1,10,37129.3,49314.4,86.2,2.9,27,南,11.087,3.632,0
P00409,21,23,55691.5,55676.7,124.4,6.2,17,东南,1.639,2.568,0
P00410,18,20,48800.7,40433.3,134.1,5.1,5,东,6.923,2.852,0
P00411,11,22,58168.3,102448.4,113.2,0.3,29,北,21.689,0.216,1
P00412,23,24,30594.8,31244.6,52.8,25.7,28,东,17.811,0.308,1
P00413,13,15,29312.3,24331.2,102.4,13.5,7,东南,19.839,3.944,1
P00414,9,17,35521.6,42498.2,99.6,24.2,9,南,16.828,3.21,1
P00415,9,13,58446.2,51238.7,123.5,8.0,24,北,11.255,2.821,1
P00416,5,7,29063.1,30628.1,65.2,27.7,29,西,8.417,0.32,1
P00417,11,16,44258.8,41681.4,140.6,12.2,6,北,15.877,1.965,1
P00418,21,24,55591.2,48202.0,110.3,7.5,8,南,20.279,0.422,0
P00419,8,18,51095.3,70157.0,148.1,25.7,29,东,19.117,4.502,0
P00420,8,18,41972.0,43010.7,136.8,23.4,21,南,23.737,1.386,0
P00421,19,21,34689.4,31049.5,94.7,11.9,8,南,18.897,1.591,0
P00422,19,21,38559.4,39922.1,83.3,3.7,24,东南,19.126,4.306,0
P00423,4,5,41240.1,41747.5,122.8,28.3,28,北,11.939,0.693,1
P00424,19,24,31905.6,32271.1,99.4,15.4,27,南,18.53,4.213,0
P00425,4,5,41512.9,43604.8,68.7,1.1,11,东,16.111,2.726,0
P00426,22,24,30969.3,28648.8,94.5,28.7,22,南,3.606,0.919,0
P00427,23,24,56841.1,59123.8,154.5,20.0,13,南,16.607,2.926,1
P00428,2,6,34351.7,38843.8,124.4,18.0,14,东,22.186,4.701,1
P00429,20,24,30411.0,22098.3,93.5,15.6,26,东,11.631,2.348,0
P00430,23,24,46942.4,48076.2,123.9,21.8,29,西南,4.096,4.015,0
P00431,7,14,64956.3,61451.6,132.1,1.1,6,西南,16.145,4.844,1
P00432,18,22,27518.8,26213.0,45.2,22.9,17,北,23.146,3.497,0
P00433,3,10,35813.1,42643.0,81.5,24.7,11,南,13.356,0.624,1
P00434,11,21,46164.6,51365.5,158.0,3.0,26,北,18.839,1.49,0
P00435,8,17,47240.8,36297.2,154.1,6.3,9,南,13.713,2.121,1
P00436,11,21,41510.0,34440.1,98.0,23.1,4,东,3.673,1.968,1
P00437,4,15,35078.3,35644.1,92.2,20.2,17,南,11.733,3.342,1
P00438,12,19,37700.3,55399.9,97.5,9.2,11,东南,8.518,1.083,0
P00439,18,20,48819.5,46932.8,79.4,6.8,8,东,1.054,2.71,0
P00440,19,21,32851.9,25497.1,107.3,15.6,24,西南,19.307,3.727,1
P00441,9,21,52534.1,40740.7,155.8,16.6,10,南,18.201,3.094,1
P00442,18,19,72216.4,82071.5,145.6,11.3,27,南,4.077,3.531,1
P00443,8,12,38678.8,33247.7,121.4,18.3,2,东,13.697,3.551,0
P00444,6,14,50683.6,47233.6,149.4,3.0,16,南,4.649,4.371,0
P00445,22,24,53166.1,59192.3,137.8,23.8,12,南,1.009,4.007,0
P00446,4,8,36077.4,38753.3,140.9,22.1,20,西,11.962,1.264,0
P00447,21,22,48087.6,54772.7,100.8,0.0,21,西,16.895,1.705,0
P00448,18,21,49908.6,46957.1,147.3,18.3,23,南,3.276,1.093,0
P00449,3,6,35725.9,37092.3,107.1,21.0,27,南,2.672,3.151,0
P00450,22,23,26634.7,26430.9,66.5,5.3,1,东南,17.987,4.999,0
P00451,6,9,24335.6,22164.6,61.8,16.1,13,西南,19.115,2.604,1
P00452,11,14,23119.0,24733.9,56.6,29.5,7,南,7.845,0.315,1
P00453,3,15,52756.7,70645.9,118.9,6.1,13,南,8.516,4.41,0
P00454,16,17,68941.4,72207.4,124.0,10.2,6,东,2.878,0.134,0
P00455,7,12,50723.4,38422.3,153.3,19.3,19,南,6.997,3.34,0
P00456,11,23,57155.6,62533.5,140.3,17.7,17,西,12.742,3.189,0
P00457,1,2,30763.0,29001.8,146.1,29.0,21,北,17.78,4.217,1
P00458,4,5,43051.3,42062.2,142.5,16.3,4,西,13.339,2.258,0
P00459,7,16,45568.1,57188.9,150.2,10.0,3,南,13.96,4.848,0
P00460,15,24,27491.2,29221.6,51.5,13.3,24,南,22.292,1.236,1
P00461,9,13,51139.9,54903.4,144.7,1.0,30,南,9.045,0.799,0
P00462,5,15,36942.4,46124.7,72.2,29.6,9,南,3.734,2.707,0
P00463,23,24,30738.1,30655.9,80.9,0.1,3,南,21.872,1.253,0
P00464,21,22,67561.4,65204.3,142.6,0.0,7,东,1.318,1.565,0
P00465,1,6,43290.3,54896.9,83.4,18.6,22,西南,6.299,4.737,0
P00466,3,10,47008.0,47726.4,60.0,11.3,25,东,1.956,0.846,1
P00467,16,23,46892.7,48267.6,154.6,25.3,6,南,8.361,2.802,0
P00468,6,17,70706.3,59625.0,144.5,6.6,3,北,2.046,4.534,1
P00469,23,24,31256.0,32896.9,111.3,22.3,1,西,5.147,4.008,0
P00470,19,23,46584.6,47407.2,130.0,12.8,16,东南,15.779,0.913,1
P00471,1,8,33074.4,31149.3,89.6,22.2,8,西,1.328,4.887,0
P00472,19,24,24435.9,31260.9,49.5,18.2,16,南,16.719,3.885,1
P00473,22,23,38660.9,38627.9,67.0,6.0,5,南,2.087,3.282,0
P00474,14,17,44077.0,43528.5,104.1,26.0,12,北,6.34,1.438,0
P00475,5,9,45578.1,40608.4,158.9,15.7,3,北,18.284,1.789,0
P00476,17,21,36946.7,38765.3,130.5,25.4,8,东,19.828,1.079,1
P00477,4,16,31264.5,29342.3,49.2,9.6,26,北,11.099,3.955,0
P00478,15,19,32485.1,31324.6,72.9,16.3,22,北,5.299,1.702,0
P00479,10,13,27626.9,33177.3,48.7,2.9,6,东,2.38,0.464,1
P00480,17,23,14782.8,12433.3,53.2,23.7,4,北,16.436,3.951,1
P00481,21,23,48385.8,54900.8,108.2,25.7,29,南,10.358,0.916,0
P00482,20,23,46610.8,52624.6,129.0,0.3,25,南,8.894,3.798,0
P00483,19,24,51806.2,60469.3,90.0,9.8,7,北,3.784,0.628,0
P00484,8,13,28976.3,25232.2,68.9,26.2,15,南,8.033,1.46,1
P00485,1,9,56254.8,69858.2,101.9,1.4,30,南,2.194,4.17,1
P00486,10,20,48790.7,53376.4,133.2,8.5,8,南,14.193,3.099,1
P00487,8,13,40946.1,48157.0,120.1,11.8,23,南,22.056,1.269,0
P00488,8,12,46001.3,36127.4,65.7,18.7,28,西,2.416,2.248,0
P00489,14,19,76194.4,69725.1,106.5,2.6,30,东,5.983,0.973,1
P00490,9,17,26226.6,27743.2,70.1,18.9,15,西,10.504,4.106,0
P00491,8,9,51396.9,53924.8,119.0,14.5,30,西,5.729,1.789,1
P00492,8,13,44375.3,38127.7,130.2,21.6,21,东,2.003,4.127,0
P00493,13,16,43872.5,37755.1,91.0,9.1,11,南,22.202,2.699,1
P00494,14,21,31976.0,41180.2,74.5,9.6,9,南,6.284,4.879,1
P00495,14,17,18248.5,20203.9,45.9,17.6,7,南,14.874,3.625,1
P00496,17,22,41016.0,36180.3,105.8,11.2,22,南,9.993,4.578,0
P00497,20,21,53068.8,53499.6,154.2,26.7,25,东南,6.464,1.429,0
P00498,10,13,54477.9,65233.3,117.6,8.8,23,南,10.061,3.024,1
P00499,5,6,38648.3,40536.9,117.8,25.2,2,南,13.34,1.459,1
P00500,14,22,60224.1,70346.9,150.1,12.3,26,南,16.273,0.768,1
P00501,12,18,38228.4,33122.9,55.8,22.7,10,南,1.172,2.307,0
P00502,22,24,29549.6,31800.7,76.4,9.4,1,东南,24.78,1.182,0
P00503,18,21,55144.9,50441.5,125.7,15.3,7,东,22.97,4.81,1
P00504,4,13,31185.2,31273.3,69.6,13.6,12,北,4.034,2.043,0
P00505,22,24,22376.1,28824.3,53.6,25.3,26,西,6.763,1.568,0
P00506,20,22,38829.0,39969.7,154.9,24.5,10,南,18.635,3.166,1
P00507,8,15,39866.3,41493.7,104.0,15.5,13,南,13.484,3.53,0
P00508,21,24,64523.1,58006.3,153.5,10.7,27,北,6.756,2.29,1
P00509,19,20,22301.5,22454.3,62.8,12.8,11,南,14.926,0.696,0
P00510,21,23,43262.4,39596.7,46.0,23.9,14,北,1.552,2.045,0
P00511,7,18,46209.9,48139.6,129.4,4.4,4,东南,19.283,4.683,0
P00512,14,16,24688.2,24604.2,69.8,26.0,13,北,4.226,3.269,1
P00513,10,18,36019.5,34132.2,71.5,4.3,6,东南,1.346,1.527,1
P00514,2,11,52028.5,37960.4,146.0,29.5,8,东,16.553,2.777,1
P00515,2,11,67526.3,64962.6,115.0,3.6,22,东,3.571,3.425,0
P00516,9,19,23113.6,21843.1,51.6,19.8,25,北,10.118,2.601,0
P00517,14,17,35312.2,37504.9,67.4,17.0,25,南,4.372,4.497,0
P00518,2,4,47115.0,55923.0,159.0,19.8,23,南,10.434,2.281,0
P00519,17,23,37799.4,32396.6,66.2,24.0,13,东,8.823,2.525,0
P00520,22,23,45331.9,51466.5,143.3,16.9,22,南,1.867,3.992,0
P00521,3,10,35282.6,37060.2,103.9,29.7,22,东南,3.451,1.438,0
P00522,1,13,28544.9,25985.8,87.9,10.7,25,西南,18.114,2.057,1
P00523,19,20,45697.3,46053.9,141.5,28.7,14,南,11.882,3.765,0
P00524,11,19,32065.8,27193.0,73.9,2.9,18,北,8.857,3.885,0
P00525,11,19,27327.2,30755.3,97.7,24.9,5,北,19.907,2.916,0
P00526,14,23,110692.9,100819.8,159.6,0.2,9,南,2.506,0.136,0
P00527,17,24,35571.0,33426.4,76.4,11.6,3,南,8.817,3.992,1
P00528,10,16,40489.1,37522.2,87.2,22.8,14,西,2.082,0.359,0
P00529,17,19,61027.0,66031.5,119.2,1.1,13,南,12.05,0.578,0
P00530,19,23,49284.3,30882.0,127.5,23.2,7,北,9.753,2.449,1
P00531,23,24,39498.9,32478.3,116.4,17.8,30,西,23.836,1.046,1
P00532,4,15,56210.5,52086.0,143.7,4.0,18,北,12.023,2.04,0
P00533,16,22,26826.8,31358.6,96.7,0.9,26,北,24.151,0.847,1
P00534,10,12,55425.1,71974.2,122.8,26.7,14,南,15.384,0.52,1
P00535,18,23,70701.1,69044.4,144.4,7.4,3,西,4.308,4.689,1
P00536,20,21,32518.5,29686.7,56.0,11.0,26,东,13.992,4.522,1
P00537,12,18,35987.0,33592.6,60.7,18.0,23,东南,3.152,3.786,0
P00538,15,17,37326.8,38758.6,146.0,28.9,12,北,5.586,2.368,0
P00539,9,15,45697.4,44377.9,92.1,2.1,13,南,12.28,0.385,1
P00540,21,24,52629.7,42452.0,91.0,19.1,5,南,4.175,4.354,0
P00541,1,12,16519.5,18956.6,63.2,30.0,10,北,21.193,3.459,1
P00542,22,24,46949.6,50092.4,130.7,13.1,9,南,18.803,4.155,1
P00543,15,20,32999.0,31503.2,129.4,0.6,11,东,24.99,3.024,0
P00544,12,17,22539.5,25394.7,73.9,18.2,16,南,22.69,4.967,1
P00545,18,23,26147.1,22338.0,75.7,0.8,1,南,16.967,4.571,1
P00546,12,22,45031.5,43628.9,128.8,16.5,24,南,3.628,3.969,0
P00547,3,5,26609.5,27066.4,56.3,23.6,1,东,8.944,4.305,1
P00548,8,19,47605.7,60405.4,59.8,10.2,30,东,19.044,2.383,1
P00549,14,18,51679.4,58577.5,109.8,2.6,22,北,11.57,2.075,1
P00550,23,24,37765.3,36369.7,87.8,0.7,16,西南,14.179,1.299,0
P00551,10,18,27139.1,27275.0,59.7,8.5,23,南,19.368,1.944,0
P00552,18,21,33808.3,29134.2,75.7,11.0,13,东南,16.856,4.402,0
P00553,20,24,25200.4,27671.8,45.3,14.2,17,北,3.174,3.129,0
P00554,14,15,51076.8,48225.6,104.3,10.6,29,南,5.815,4.902,0
P00555,15,23,57768.5,81411.9,156.8,4.3,12,南,20.944,3.359,0
P00556,18,24,27431.3,33008.8,59.6,27.1,15,东,19.388,1.769,1
P00557,7,16,37212.6,43968.5,139.0,29.2,17,东,17.455,1.555,0
P00558,21,22,48775.1,53931.2,93.8,20.5,3,东,6.898,4.469,1
P00559,1,5,32233.7,32789.4,99.1,21.7,2,南,15.677,3.533,1
P00560,7,15,33293.0,38927.3,104.8,6.9,13,北,23.572,3.364,1
P00561,3,8,31411.5,35076.7,94.3,25.1,4,南,12.869,1.579,0
P00562,2,4,25365.7,21257.6,78.9,28.0,13,南,21.225,0.773,1
P00563,12,23,49152.2,60920.6,142.2,20.4,23,南,24.433,1.745,0
P00564,22,24,78141.0,57238.5,131.2,4.0,24,东南,8.298,2.652,1
P00565,13,14,32599.2,25567.6,101.6,15.2,7,北,11.851,4.417,1
P00566,3,12,51657.7,62218.8,143.6,8.5,8,北,16.023,2.996,0
P00567,6,17,86004.5,113216.3,141.1,18.8,6,南,2.154,0.489,0
P00568,21,22,48632.5,46476.9,149.0,29.6,12,北,7.324,3.572,0
P00569,17,19,50875.0,47729.7,156.0,20.9,15,南,12.576,2.114,1
P00570,1,6,56498.6,52648.8,150.1,8.5,15,北,2.913,4.14,1
P00571,17,18,47270.4,43828.0,132.9,28.2,19,西,6.026,2.911,0
P00572,17,23,30742.0,30820.2,46.6,8.5,21,西,17.813,1.824,0
P00573,9,14,50975.2,56406.4,114.8,11.9,5,北,1.681,1.706,1
P00574,4,5,17841.6,16196.4,62.5,14.6,2,南,22.455,1.039,1
P00575,18,19,28220.0,31182.6,59.2,14.9,2,北,4.963,2.364,0
P00576,10,22,47392.6,47565.1,97.3,9.0,23,北,14.392,0.94,0
P00577,14,16,60326.3,65709.5,128.1,8.4,20,南,11.559,4.434,1
P00578,2,5,36166.4,42993.9,70.8,14.0,28,南,15.514,0.213,1
P00579,13,19,49089.3,50826.3,135.5,6.8,24,南,24.996,4.329,0
P00580,6,8,33643.9,39653.7,61.7,8.5,7,东,16.288,3.255,0
P00581,13,22,74443.2,56344.5,144.9,1.9,30,东,17.948,0.52,0
P00582,19,21,65194.2,58335.6,116.1,6.5,11,西南,4.527,1.175,0
P00583,20,22,59447.1,60806.0,88.5,5.2,2,南,2.394,0.308,1
P00584,3,9,26981.8,23395.0,80.9,20.7,11,北,19.138,0.431,1
P00585,23,24,34742.9,37685.6,82.8,27.0,24,南,7.314,1.866,0
P00586,13,16,66613.2,82643.1,150.9,15.9,16,东,8.413,4.958,0
P00587,4,5,32296.5,29037.3,98.0,21.6,20,东南,11.321,4.726,0
P00588,12,21,42337.0,44000.0,114.6,11.8,17,南,3.755,4.98,0
P00589,19,24,34108.9,35557.0,106.3,21.8,5,北,9.279,4.685,0
P00590,1,3,80579.0,77423.1,149.8,5.6,18,南,7.833,2.96,0
P00591,14,21,36921.6,31083.6,106.9,25.3,2,南,14.3,3.49,1
P00592,19,21,65089.4,63422.8,110.1,1.8,15,东,6.294,0.69,1
P00593,19,23,34186.0,50257.8,79.0,13.6,21,西南,9.433,3.787,0
P00594,18,21,49611.7,51127.4,109.3,21.2,17,南,14.872,1.151,1
P00595,21,24,45929.7,50333.1,84.9,4.1,18,南,5.046,0.893,0
P00596,16,20,34016.2,34769.7,74.3,9.7,21,南,5.787,3.811,1
P00597,16,23,31668.0,37891.7,84.2,20.3,21,东,7.597,0.13,1
P00598,15,21,37859.5,52619.0,95.5,2.3,21,西南,19.991,1.986,1
P00599,6,17,45429.5,53721.3,140.5,25.4,20,东南,20.125,3.858,1
P00600,21,22,31242.2,26735.9,88.9,15.8,23,西,17.161,3.945,0
P00601,4,11,31583.3,42469.9,79.1,16.9,9,北,22.761,2.587,1
P00602,8,16,29845.3,29166.6,47.7,24.9,30,西,5.417,1.115,0
P00603,13,18,41204.9,48704.4,120.0,12.2,27,南,20.496,0.629,1
P00604,23,24,27022.9,29833.9,96.3,23.3,7,北,17.673,3.329,0
P00605,10,12,46879.8,48866.6,106.5,23.0,12,东南,3.671,2.159,1
P00606,17,21,85170.8,82203.9,154.4,16.2,26,西,1.21,2.522,0
P00607,16,24,35135.9,36868.2,64.7,19.2,19,南,4.346,3.054,0
P00608,23,24,31304.7,28141.5,110.3,26.5,13,西,14.066,2.08,0
P00609,17,19,41675.1,36431.0,102.4,15.6,17,西,18.591,3.029,1
P00610,22,24,31966.8,34429.9,66.5,9.6,19,东,17.239,3.856,1
P00611,23,24,59393.8,51142.4,153.6,9.2,15,西,6.906,0.239,0
P00612,1,4,30227.3,31584.6,62.0,5.6,25,南,14.654,1.41,1
P00613,21,23,31037.8,32542.6,93.5,12.1,29,北,20.895,4.455,0
P00614,5,7,25815.8,20661.6,91.5,17.0,8,北,20.24,0.998,0
P00615,11,13,43942.7,42011.2,77.3,12.3,18,北,4.213,1.416,1
P00616,6,11,45509.7,52334.4,45.2,2.6,7,南,9.779,4.696,0
P00617,19,20,62747.2,58631.8,148.4,10.4,24,南,19.907,1.172,1
P00618,4,14,42554.6,33864.5,84.1,14.1,16,东,7.925,2.389,0
P00619,17,20,32267.4,28340.0,90.4,17.1,6,西南,11.156,0.443,1
P00620,20,23,27466.4,30048.5,70.3,5.6,9,北,17.217,3.29,0
P00621,8,13,42140.0,45939.9,136.2,18.0,10,南,8.999,3.262,1
P00622,23,24,28838.1,29268.2,78.4,25.1,14,东南,7.563,3.933,0
P00623,11,22,50614.1,84672.3,117.6,7.3,5,西南,24.645,2.905,1
P00624,7,12,59040.8,58087.6,150.7,11.4,23,东,14.861,4.901,0
P00625,7,14,25844.2,32379.0,60.4,12.6,19,南,12.306,3.917,1
P00626,20,22,28512.5,33170.8,50.0,6.9,18,西,18.868,1.76,0
P00627,14,15,41732.4,36496.3,101.6,26.1,19,南,9.085,1.326,1
P00628,7,9,36198.3,34318.9,112.9,2.1,28,西南,19.363,3.727,1
P00629,10,17,25004.4,30385.9,93.3,10.7,6,西,20.713,1.01,0
P00630,13,23,44385.6,43205.9,143.3,26.5,7,西,14.494,0.728,0
P00631,7,18,26415.8,43326.9,50.2,25.8,22,南,9.244,4.472,0
P00632,2,9,33065.6,32008.3,84.2,11.4,23,南,9.073,1.331,1
P00633,8,13,53532.7,59611.7,159.7,14.1,19,西,11.513,3.843,1
P00634,4,16,46249.4,46894.9,155.7,29.7,10,南,22.897,4.501,1
P00635,16,17,46237.9,52485.9,106.4,10.6,15,南,2.776,3.571,0
P00636,1,11,22052.6,31784.7,61.8,24.0,23,北,21.372,4.169,0
P00637,23,24,46834.3,42428.0,156.9,10.3,18,北,8.579,4.353,0
P00638,7,12,27084.7,30090.3,87.8,17.1,4,北,10.497,4.19,0
P00639,9,16,42228.7,45562.4,147.8,7.4,28,南,23.572,3.649,0
P00640,7,16,30813.4,35517.2,91.4,25.0,16,北,4.567,0.364,0
P00641,9,10,38398.3,37048.7,102.5,23.1,6,南,21.457,4.458,0
P00642,8,18,43165.3,70739.6,125.2,22.4,27,南,4.61,2.275,0
P00643,4,16,35118.5,38214.4,48.2,2.5,19,南,5.458,0.326,0
P00644,6,16,19637.8,15867.1,59.0,12.7,8,北,17.309,4.769,0
P00645,15,23,36322.1,51322.2,49.3,1.8,6,南,9.545,0.664,0
P00646,18,20,28678.0,26713.3,59.9,29.8,26,东南,11.836,3.719,0
P00647,2,14,37655.2,44292.5,118.5,16.0,13,南,20.539,2.299,1
P00648,12,13,35804.6,35261.4,127.1,23.1,29,西,21.178,4.449,1
P00649,17,22,39968.8,33220.3,136.2,3.2,20,西,15.923,1.969,0
P00650,19,22,29572.0,30188.0,54.7,26.5,14,南,13.062,2.859,0
P00651,19,20,40873.0,33447.4,45.6,0.5,23,西,5.376,3.761,0
P00652,9,18,68730.2,57807.3,113.4,7.8,5,北,3.236,0.379,1
P00653,22,24,53361.9,48164.3,109.6,9.0,9,东,6.598,4.85,0
P00654,21,22,80163.4,77105.2,155.3,7.5,1,西南,18.733,2.012,1
P00655,1,5,59041.7,56092.7,155.3,4.6,1,东,23.795,2.83,1
P00656,4,5,37854.7,38090.8,88.7,14.7,28,北,4.645,3.918,1
P00657,5,17,23614.9,25265.2,102.8,25.8,27,南,14.316,3.265,0
P00658,6,8,29062.7,30128.7,112.3,25.4,2,南,18.348,2.53,0
P00659,1,10,30918.2,29546.4,100.7,15.7,30,北,18.011,2.219,0
P00660,22,24,54280.4,68090.6,143.6,25.1,18,南,3.56,2.885,0
P00661,3,13,51698.2,56482.4,135.0,21.2,9,东,21.739,3.946,1
P00662,19,22,43737.9,39672.6,136.8,2.5,28,东,16.956,2.118,1
P00663,4,14,86670.6,74487.7,151.4,16.4,27,南,17.365,2.337,1
P00664,17,23,49674.6,60078.6,151.7,21.4,6,南,9.326,3.649,0
P00665,16,20,40450.2,33679.5,118.9,29.8,19,西,8.459,3.201,1
P00666,19,20,43944.5,38923.8,126.7,24.0,12,东南,18.38,4.557,0
P00667,19,21,59463.8,48837.1,125.9,10.7,24,南,5.325,1.346,1
P00668,20,24,40197.5,39248.4,149.5,28.0,24,北,6.866,3.354,1
P00669,5,10,57532.0,48895.6,148.4,6.2,14,南,2.336,3.398,1
P00670,8,14,26485.8,27793.8,75.5,28.5,22,南,4.217,4.164,1
P00671,13,22,39966.0,34919.1,132.0,10.9,9,东南,19.812,1.326,1
P00672,16,23,56077.7,62069.8,148.8,21.4,26,南,4.109,2.912,0
P00673,17,23,71953.3,65687.8,143.4,21.0,25,南,4.169,4.562,1
P00674,21,24,42044.0,38720.7,105.7,29.9,2,东,7.486,4.071,1
P00675,1,8,32086.6,37447.1,125.2,25.4,20,西,16.556,2.618,1
P00676,4,7,42488.8,44839.1,136.1,13.2,8,东南,22.2,0.358,1
P00677,23,24,51233.5,42231.7,95.2,8.1,24,北,9.459,4.42,0
P00678,7,12,32475.8,44588.2,128.4,26.6,9,南,20.644,1.175,1
P00679,16,21,74397.4,69914.5,154.1,28.6,21,南,12.242,1.198,1
P00680,16,22,41366.6,40623.1,154.2,24.8,28,北,20.618,2.004,0
P00681,21,24,54128.2,59682.7,104.2,6.2,18,西南,3.949,1.875,1
P00682,4,16,37996.1,37959.3,102.7,23.6,20,北,6.49,2.715,1
P00683,21,24,32878.1,32265.3,71.0,14.5,11,南,15.004,2.925,1
P00684,19,23,38951.7,30142.2,70.0,20.1,7,北,10.989,4.499,1
P00685,3,8,23192.6,25192.0,57.1,18.3,28,北,21.545,1.242,1
P00686,22,23,27041.6,23542.5,60.9,28.5,8,北,22.358,3.964,1
P00687,18,20,31340.6,32692.1,121.9,14.0,7,北,3.316,1.438,0
P00688,23,24,47123.9,42143.1,109.8,24.8,5,南,11.971,2.278,1
P00689,5,11,28033.9,23864.4,65.0,7.2,5,南,12.993,0.735,0
P00690,11,14,64660.5,61823.6,123.8,0.5,20,南,4.002,4.475,1
P00691,7,10,46468.0,39809.6,139.8,12.4,27,南,17.351,0.983,0
P00692,4,13,21994.7,21908.6,61.1,22.8,14,东南,21.002,0.455,1
P00693,14,16,42550.2,41925.4,104.4,23.7,22,东,18.185,2.027,1
P00694,21,24,40118.9,41117.9,132.7,15.0,18,西,17.284,4.459,1
P00695,1,12,22560.2,25886.7,56.1,23.7,26,东,23.741,4.163,1
P00696,20,24,40804.6,36546.3,105.0,4.8,2,西,23.313,1.358,0
P00697,10,16,36417.4,40863.1,97.2,21.6,14,南,15.627,0.205,1
P00698,6,12,49230.7,58521.5,100.1,0.7,23,东南,17.992,4.472,1
P00699,12,16,49070.0,61283.8,118.9,14.8,26,南,2.224,1.404,1
P00700,9,18,39847.0,73284.2,53.3,25.8,24,南,18.053,0.708,0
P00701,10,14,40794.3,51092.2,97.3,5.9,6,南,21.255,0.864,1
P00702,22,23,38580.6,34900.0,76.1,6.8,24,东,14.312,3.563,0
P00703,2,13,44299.7,29047.9,82.9,13.2,30,西南,9.646,3.871,1
P00704,11,15,37962.8,36455.0,89.3,13.3,29,南,9.609,1.059,0
P00705,23,24,31767.7,34285.0,72.8,8.2,19,南,16.479,4.906,1
P00706,8,15,32234.4,33142.1,68.6,18.6,5,南,13.278,1.026,1
P00707,6,17,39427.0,42656.8,50.5,4.5,6,南,7.406,1.448,1
P00708,1,6,39345.2,38293.6,68.7,11.5,1,北,1.394,4.19,0
P00709,2,13,38357.8,28989.7,57.2,6.3,13,南,15.428,2.573,0
P00710,16,20,41733.8,42247.4,88.3,3.7,23,南,5.518,2.036,1
P00711,23,24,38977.2,40561.3,127.5,29.7,12,南,3.147,4.949,0
P00712,1,4,45685.2,45608.7,132.7,21.9,9,西,16.547,3.93,0
P00713,17,20,55954.1,49165.6,157.4,22.2,16,东,18.025,1.501,1
P00714,8,18,37454.6,29247.6,53.1,8.1,15,南,20.308,3.117,0
P00715,20,23,42024.8,53871.6,155.0,25.7,24,东,8.458,3.717,0
P00716,20,21,48187.1,52192.5,152.0,10.9,18,东,18.833,1.846,1
P00717,4,10,52249.6,57143.1,134.4,16.2,13,东,23.606,4.224,0
P00718,12,18,34483.6,35192.3,65.9,0.3,2,东,11.855,3.596,0
P00719,14,16,44245.2,41142.6,133.0,18.4,17,南,23.098,1.254,1
P00720,1,2,32330.2,29208.1,71.2,14.7,11,西南,2.136,1.051,1
P00721,5,16,24743.0,19232.6,57.6,16.4,9,南,12.451,3.407,0
P00722,4,11,38991.0,31085.0,131.4,11.4,9,北,15.655,2.965,1
P00723,7,9,67049.8,72123.1,155.9,9.6,2,南,6.364,1.172,1
P00724,9,11,18929.3,19182.9,74.1,20.7,3,东,22.302,4.182,0
P00725,12,14,46624.2,50180.0,141.6,26.2,18,南,7.29,1.473,1
P00726,6,13,52925.6,42567.8,155.9,23.0,13,北,3.282,0.963,1
P00727,17,19,29286.6,31108.0,88.0,9.2,29,西南,18.899,3.82,1
P00728,21,23,32373.2,37930.5,84.6,8.3,21,南,18.3,0.909,1
P00729,17,23,29032.2,33173.6,63.8,10.1,28,东南,14.332,3.565,1
P00730,21,23,38814.5,43026.6,114.6,18.6,4,东,14.634,4.217,0
P00731,5,8,44740.7,46967.8,133.1,25.8,8,南,23.726,1.772,1
P00732,6,17,19851.0,29670.8,48.6,18.5,17,南,22.594,3.426,0
P00733,11,18,83668.6,99981.1,130.7,1.0,11,西南,2.585,0.382,1
P00734,15,23,45963.4,38261.4,94.3,15.2,19,南,24.615,2.68,1
P00735,20,23,46326.7,36277.9,55.9,20.1,25,西,4.463,2.542,0
P00736,9,11,27465.8,29531.8,62.0,16.4,17,东,24.461,0.529,1
P00737,11,14,36985.3,36227.7,65.0,27.7,22,南,18.927,0.956,1
P00738,11,20,36533.6,34456.1,98.3,28.7,21,东南,15.243,4.225,0
P00739,4,13,27959.8,35350.4,145.1,18.1,11,西,23.176,0.99,1
P00740,21,24,30413.2,34282.0,68.2,28.4,1,东,10.319,2.396,0
P00741,10,22,62953.9,44284.4,147.4,10.9,24,南,13.173,4.542,1
P00742,8,10,30175.5,31536.4,61.0,17.5,9,西,8.737,3.673,1
P00743,3,13,21968.2,19118.2,49.5,1.3,27,南,8.136,4.289,1
P00744,17,23,36277.6,32504.3,55.2,4.0,28,北,23.03,1.29,0
P00745,22,24,30694.2,25636.2,65.1,12.0,1,东,11.227,4.934,0
P00746,16,17,58576.4,63664.7,159.3,20.1,11,东,5.998,4.355,0
P00747,14,17,33406.0,31281.8,75.6,18.1,27,南,9.486,3.346,1
P00748,23,24,28412.4,23287.0,50.5,10.2,9,北,3.393,2.421,0
P00749,18,23,41233.2,51244.0,103.1,4.3,19,东,16.744,3.551,1
P00750,22,23,47057.6,45523.0,132.5,23.4,14,南,7.478,0.179,0
P00751,3,9,47621.1,43375.7,86.5,0.5,18,北,4.703,0.174,0
P00752,15,23,46140.8,38151.4,157.3,8.4,19,西南,15.341,2.696,1
P00753,22,23,38426.7,41981.6,95.7,21.1,5,东南,4.981,1.837,0
P00754,16,21,52462.5,50771.4,143.8,24.0,16,西,10.476,0.318,1
P00755,12,14,37908.6,34757.2,100.8,21.6,8,西,12.205,0.141,1
P00756,8,19,32002.3,43074.7,69.4,25.1,12,南,19.632,4.824,1
P00757,2,3,28808.5,30829.3,90.2,8.4,1,东,8.95,2.262,0
P00758,12,21,62929.1,67973.9,119.5,1.5,18,西,15.342,2.749,1
P00759,18,22,36992.8,40052.0,111.2,26.2,19,南,17.86,3.4,1
P00760,22,23,58224.3,59792.2,130.4,13.3,15,东南,3.234,3.275,1
P00761,19,21,54467.8,69745.5,113.5,19.0,10,东,16.686,2.644,1
P00762,19,21,30680.8,30493.2,68.6,29.7,28,南,12.211,3.08,1
P00763,11,18,32618.1,43394.2,78.3,10.3,23,南,6.658,1.564,0
P00764,14,19,53545.5,50800.9,106.7,14.9,29,南,16.749,2.843,1
P00765,6,16,44096.2,50007.4,77.1,4.9,7,东,11.225,1.421,1
P00766,11,22,42155.5,50321.9,149.7,16.8,24,东,24.412,4.832,1
P00767,22,23,48635.2,58551.3,114.7,7.8,19,北,4.556,3.602,1
P00768,15,22,63926.7,74127.4,151.6,22.9,14,北,10.709,4.727,1
P00769,1,11,48829.4,31430.8,144.7,22.6,9,西,12.241,2.622,1
P00770,22,24,21017.1,21424.7,59.3,29.3,26,东南,16.417,3.32,0
P00771,20,24,33654.9,30992.7,62.5,21.0,13,东南,5.851,0.721,1
P00772,10,22,92622.5,79343.9,135.2,4.9,25,西,2.037,0.356,0
P00773,7,12,28133.0,26954.5,99.3,6.5,10,北,24.845,2.431,0
P00774,6,16,55736.4,64050.9,143.9,17.9,10,南,14.377,4.338,0
P00775,20,24,50848.5,57155.0,150.5,10.4,15,北,9.626,3.955,1
P00776,1,5,32345.0,29222.9,112.9,24.8,8,东,21.067,4.553,0
P00777,23,24,42339.1,39227.3,50.3,12.0,22,南,5.257,2.766,1
P00778,13,15,31759.9,33781.7,91.1,3.1,14,西,8.313,2.031,0
P00779,9,19,33870.0,40373.3,126.3,26.4,26,东南,10.534,4.255,1
P00780,23,24,29451.6,32210.7,77.2,13.1,29,南,22.916,3.595,1
P00781,19,23,60680.5,72039.9,154.8,24.1,30,南,9.938,0.684,0
P00782,4,5,38987.4,38273.6,122.9,19.6,28,西,18.784,0.314,1
P00783,5,7,52641.5,58771.3,117.8,17.4,26,西,7.303,0.431,0
P00784,23,24,51120.5,41910.1,114.3,12.4,4,东,8.274,1.02,1
P00785,2,12,37488.9,25609.4,65.5,14.3,22,南,2.176,3.804,0
P00786,2,10,21427.4,19745.3,90.5,23.8,10,北,19.7,0.737,0
P00787,20,24,18266.0,16443.4,55.5,27.9,23,东,24.514,4.981,1
P00788,15,16,56960.7,53642.9,129.5,16.0,9,北,8.457,2.791,1
P00789,13,17,30640.9,37716.6,52.4,9.7,24,南,17.028,3.618,0
P00790,8,14,49890.0,48074.0,131.9,10.9,14,北,16.928,1.12,1
P00791,2,5,38607.8,42527.0,121.9,9.5,6,西南,16.225,1.872,0
P00792,13,17,27629.6,36779.6,51.6,15.8,15,北,20.622,4.676,1
P00793,15,20,34080.5,28438.3,68.5,2.6,15,东南,17.12,1.727,0
P00794,23,24,96197.1,98294.7,146.3,0.6,5,东,8.893,1.79,0
P00795,18,24,43500.7,44138.7,100.9,12.6,12,西,20.787,1.277,1
P00796,3,15,47698.9,54726.7,119.2,15.0,15,南,6.252,3.215,1
P00797,12,19,44925.6,53192.9,105.8,0.8,27,北,3.055,2.221,0
P00798,4,14,30930.2,31111.9,100.1,21.3,28,南,23.209,2.345,1
P00799,2,11,45880.0,46553.1,135.5,15.0,7,西,13.173,0.157,0
P00800,23,24,50517.9,48492.9,140.4,10.6,20,西,10.567,4.856,0
P00801,13,22,31485.7,38713.2,108.3,24.4,27,西,24.464,0.134,1
P00802,1,11,33291.4,40895.3,73.6,7.6,11,南,9.48,2.936,0
P00803,3,9,58625.3,71684.1,140.0,16.3,24,西南,4.144,1.517,1
P00804,2,11,51461.0,52269.5,127.5,12.1,15,北,7.312,0.603,0
P00805,16,17,61176.9,58812.8,118.1,3.8,18,西南,1.772,3.372,0
P00806,5,9,56505.4,72624.2,147.0,15.0,12,西,1.81,2.662,1
P00807,3,9,30209.3,24415.1,95.9,16.4,1,东南,24.819,1.734,0
P00808,7,19,50730.9,46505.1,144.6,16.2,28,北,11.466,0.691,1
P00809,14,22,26012.8,26142.9,59.7,24.5,19,南,9.403,3.045,0
P00810,1,2,41910.6,44307.7,120.1,6.5,19,东,8.492,0.404,0
P00811,22,23,64086.4,63490.6,116.7,1.6,20,南,3.411,1.342,0
P00812,13,14,22870.6,21982.1,63.6,23.5,7,西,4.791,4.434,1
P00813,20,24,46316.7,42713.1,150.8,23.5,15,南,16.557,2.036,0
P00814,3,13,57110.3,80384.6,112.6,15.4,7,南,4.722,1.164,0
P00815,6,14,41232.8,41243.6,93.2,5.4,15,西,1.065,3.076,1
P00816,4,11,36350.8,37668.7,81.3,12.5,9,西,12.862,1.61,0
P00817,6,8,32463.5,36031.6,135.0,25.5,25,南,23.116,1.826,1
P00818,8,14,32939.5,30946.0,58.8,14.4,19,南,15.893,2.247,1
P00819,13,20,22628.3,27566.9,56.4,22.3,30,东,23.118,4.309,0
P00820,11,13,43645.0,42691.2,118.1,25.0,28,东南,12.171,3.392,0
P00821,8,11,41331.6,46701.3,93.8,9.0,28,南,13.738,2.029,1
P00822,21,23,57967.2,61145.7,117.5,13.1,9,西,16.946,2.297,0
P00823,7,19,48351.0,54492.9,112.9,18.1,15,南,3.479,4.08,0
P00824,1,5,38273.2,43127.4,108.3,24.7,23,东,15.287,2.21,1
P00825,6,8,34574.9,36408.0,119.3,27.2,22,东,24.042,4.88,1
P00826,18,20,30293.5,38420.0,67.8,22.6,30,东南,6.081,2.626,0
P00827,3,10,61366.1,48526.9,120.6,1.3,29,东南,3.827,0.161,0
P00828,9,10,44542.5,40441.1,119.5,1.5,1,北,11.842,4.046,0
P00829,19,24,53171.2,62943.8,128.8,1.2,24,南,5.716,1.903,1
P00830,3,13,38690.9,35934.3,94.1,10.4,19,北,8.574,2.952,0
P00831,1,8,35199.5,31381.8,73.9,19.3,21,南,7.813,4.184,0
P00832,15,20,39910.6,37793.8,102.4,7.0,8,北,15.787,4.384,0
P00833,20,23,37110.0,31496.3,45.8,22.8,20,南,9.707,2.179,1
P00834,13,18,34351.3,36565.4,89.2,12.4,21,南,22.907,4.571,0
P00835,16,18,73239.9,77733.6,108.2,3.2,28,东,2.355,0.255,0
P00836,17,24,40304.3,30617.1,105.1,16.9,18,南,7.749,4.216,0
P00837,20,24,46953.2,41870.5,109.4,20.2,25,北,1.913,2.705,0
P00838,8,13,58224.0,45836.1,95.4,1.7,8,西,16.174,2.428,0
P00839,6,17,42120.4,36991.4,106.4,17.8,21,南,12.675,2.576,1
P00840,9,13,62694.5,72098.8,147.0,15.0,21,南,4.022,0.255,0
P00841,11,14,42672.2,46061.5,78.6,2.4,29,西,2.405,0.835,0
P00842,13,19,47247.0,43721.7,51.1,1.9,9,南,11.526,2.175,1
P00843,11,23,19306.4,19710.9,79.3,24.2,6,北,17.456,3.276,0
P00844,21,23,50560.0,60151.4,135.4,26.5,22,南,7.721,3.089,1
P00845,16,18,51403.4,49026.3,103.3,15.8,21,南,18.583,4.595,0
P00846,18,19,36196.5,36087.2,115.7,21.6,26,西,13.634,3.358,0
P00847,18,24,32298.3,26785.3,119.7,25.3,28,西,24.607,0.512,1
P00848,8,10,36104.9,34579.1,47.4,0.1,25,南,3.184,1.569,0
P00849,16,19,38049.4,33906.7,98.0,27.7,26,西,24.194,1.133,1
P00850,13,17,29536.6,32414.4,64.5,24.2,5,北,8.13,1.916,1
P00851,17,23,25930.3,26506.7,92.9,26.6,22,东南,24.376,0.902,1
P00852,2,4,30118.1,26477.1,58.2,27.4,25,南,21.221,4.102,0
P00853,20,22,44494.6,53257.0,130.0,1.1,30,南,23.603,0.977,0
P00854,5,6,41886.5,38075.6,104.3,24.3,2,东,2.726,4.943,0
P00855,16,21,61850.5,57461.6,145.7,21.1,26,西,15.39,1.834,1
P00856,5,11,50139.5,75414.2,142.7,28.8,16,南,13.725,3.606,0
P00857,14,18,32277.4,29208.3,105.2,14.9,4,南,17.605,2.985,1
P00858,13,20,77856.1,103731.6,152.9,1.2,8,南,9.948,2.398,1
P00859,9,17,69313.2,75875.1,154.4,26.9,6,南,6.725,0.586,0
P00860,2,12,37071.4,33130.2,87.0,20.2,5,北,3.921,1.192,0
P00861,4,13,49267.6,47460.8,137.1,12.4,9,南,16.919,1.852,1
P00862,23,24,33142.5,30008.3,47.3,6.2,17,南,14.336,3.981,1
P00863,12,20,44978.9,50794.1,151.5,3.6,2,南,8.329,4.804,0
P00864,10,22,43940.9,65623.2,87.1,2.2,21,南,5.732,2.562,1
P00865,9,19,39673.0,40474.8,67.4,3.1,17,南,6.054,1.679,0
P00866,13,19,43099.1,55129.6,127.5,22.2,28,南,24.008,1.366,1
P00867,20,23,46704.8,47301.0,80.6,9.5,8,北,10.393,1.008,1
P00868,16,24,42708.4,30964.5,62.8,3.2,28,南,24.241,2.551,1
P00869,3,14,22582.7,23595.1,77.4,29.2,23,北,7.877,1.649,0
P00870,12,24,62399.3,67491.3,142.1,18.5,13,东,8.636,3.938,0
P00871,12,19,22265.3,22896.7,54.4,12.5,1,南,19.938,2.683,0
P00872,17,20,25992.5,26143.6,61.6,11.0,17,北,22.135,2.299,1
P00873,14,20,42008.9,33267.1,73.3,11.9,11,西南,5.376,1.272,1
P00874,4,7,35063.3,36560.1,139.3,15.1,13,西南,21.164,2.953,0
P00875,12,24,29265.1,33887.0,76.8,12.3,3,东南,21.043,0.571,1
P00876,18,19,38569.1,39122.3,91.8,29.4,10,南,5.549,2.57,1
P00877,22,24,39269.2,40409.7,117.6,26.7,1,南,7.399,1.965,1
P00878,20,22,34747.3,39287.0,62.5,17.1,14,东南,8.225,1.651,1
P00879,20,23,18410.3,19190.6,61.6,10.8,18,南,23.779,3.995,0
P00880,18,24,30140.6,39292.6,122.8,25.1,5,北,19.986,0.159,1
P00881,14,17,38964.4,45802.0,92.7,0.1,11,东南,15.846,4.336,0
P00882,22,23,32898.0,34139.7,86.9,26.4,15,东,17.321,0.367,0
P00883,21,24,64653.8,62827.6,129.3,27.9,2,北,17.603,1.113,1
P00884,9,19,60272.5,59787.7,138.8,16.1,30,西,1.473,3.139,0
P00885,11,20,31143.0,34025.2,95.3,27.3,14,南,10.706,3.444,1
P00886,5,6,36919.9,36807.6,138.6,8.5,11,南,20.58,3.602,0
P00887,12,22,64096.9,77263.8,129.6,23.7,14,东,10.52,2.241,1
P00888,23,24,27197.4,29807.2,122.8,16.4,2,南,23.519,4.188,0
P00889,1,4,32069.8,34864.2,120.8,27.7,22,北,5.53,3.891,0
P00890,7,9,21203.0,25852.1,60.2,14.0,8,北,18.358,2.341,1
P00891,18,22,45042.7,36045.3,143.0,27.0,11,南,14.425,4.427,1
P00892,14,16,44383.4,50045.3,154.7,14.4,11,东,18.16,2.56,0
P00893,7,9,24874.1,24711.6,48.0,10.1,28,西,5.662,1.656,1
P00894,13,14,60794.8,64824.8,149.5,0.3,4,北,6.605,4.942,1
P00895,17,19,53661.3,49009.1,149.7,13.2,15,南,13.432,1.285,0
P00896,3,8,58323.4,46375.5,155.4,5.0,20,北,22.83,1.27,0
P00897,16,22,42166.8,38773.3,66.7,7.6,16,南,21.011,0.702,1
P00898,20,21,61749.9,59281.7,141.0,22.3,13,北,8.409,1.175,0
P00899,22,23,42438.0,40395.9,152.3,20.5,4,北,19.497,0.714,0
P00900,17,22,47183.2,39975.5,111.4,14.2,28,东南,22.973,3.644,1
P00901,18,23,40929.4,42809.8,110.2,18.0,5,东南,10.128,4.248,1
P00902,11,12,46172.9,43920.9,155.2,8.7,15,南,24.624,0.722,0
P00903,20,21,34370.4,38524.1,104.7,19.6,5,东南,20.845,3.45,0
P00904,6,12,26076.8,28703.8,87.7,6.5,12,北,21.381,3.71,1
P00905,15,22,34962.2,36381.5,148.7,18.5,20,南,22.917,2.59,1
P00906,9,13,22326.0,28989.6,64.7,17.8,14,北,20.612,1.141,1
P00907,18,21,21538.6,20867.0,55.2,30.0,30,西,22.215,0.355,0
P00908,2,3,37028.2,38647.5,149.8,2.7,22,北,22.659,4.782,1
P00909,6,15,48121.2,51779.3,134.7,13.0,17,北,15.917,2.577,0
P00910,7,10,38863.7,36010.6,143.5,22.0,26,西,23.267,1.279,1
P00911,15,22,27287.9,27564.0,49.5,7.6,30,南,14.084,3.46,0
P00912,17,20,39157.4,47799.2,85.0,24.8,28,西,3.871,1.67,0
P00913,13,22,44638.6,48546.1,69.0,1.4,8,北,10.222,4.524,1
P00914,12,21,28330.5,37861.1,90.4,22.0,16,西,15.139,4.232,0
P00915,22,24,29322.1,31564.6,52.9,14.2,20,南,3.022,0.821,0
P00916,5,13,32829.5,41227.9,72.9,26.7,12,南,12.462,1.15,1
P00917,14,15,45455.2,41325.2,113.0,18.1,4,南,7.528,0.642,1
P00918,3,5,46657.1,41650.9,72.2,10.2,12,南,10.305,1.638,0
P00919,22,23,36710.2,41799.3,153.5,10.1,20,南,20.407,4.501,0
P00920,5,14,27954.2,32096.2,57.2,10.2,14,北,21.94,4.247,0
P00921,3,7,22574.1,19569.8,71.6,21.8,9,南,16.511,3.645,1
P00922,8,10,34528.3,30589.7,79.2,11.8,28,南,21.082,4.056,0
P00923,19,21,43078.5,44518.3,150.4,21.1,10,南,8.889,0.334,0
P00924,10,12,27580.0,32711.9,84.9,23.1,12,南,21.865,0.768,1
P00925,12,19,51678.1,52755.0,134.4,2.3,15,东,22.33,0.132,0
P00926,8,14,31963.8,30865.6,101.5,5.9,19,北,17.441,2.768,1
P00927,5,17,33774.1,27515.2,81.9,17.9,11,北,13.148,3.376,1
P00928,22,23,39329.6,39359.3,84.2,22.2,9,南,19.128,3.718,1
P00929,5,12,39598.7,40484.7,107.3,9.0,23,西,11.784,1.061,0
P00930,19,24,29376.8,29454.6,69.3,27.4,25,东南,16.361,2.755,1
P00931,14,20,23564.0,20880.1,50.3,8.3,25,北,17.7,3.532,1
P00932,16,22,41489.1,38515.2,136.8,23.6,6,南,13.388,4.735,1
P00933,23,24,49470.0,48265.0,116.5,11.5,23,东,13.253,1.22,0
P00934,1,13,44733.7,47603.9,103.5,6.6,6,西,24.938,2.791,1
P00935,2,8,68901.8,47831.0,135.0,0.9,28,北,8.034,3.777,0
P00936,12,20,34780.7,41654.2,104.1,14.5,17,北,11.829,1.539,0
P00937,14,20,52736.5,49134.3,114.7,19.8,2,南,10.1,2.815,0
P00938,9,13,55403.7,57874.9,159.7,7.9,11,西南,12.745,0.92,0
P00939,21,23,34275.5,33588.7,88.1,21.9,18,东,2.047,0.337,1
P00940,4,11,36615.6,38106.6,100.7,28.1,13,北,13.378,1.523,0
P00941,4,6,50404.9,39840.4,155.5,21.7,7,南,24.039,3.211,1
P00942,15,21,32721.5,32000.7,65.2,9.1,26,东,9.084,4.936,1
P00943,18,20,49811.5,51717.1,153.4,24.3,1,东南,12.771,0.814,1
P00944,23,24,47078.8,54598.9,102.3,2.9,17,西南,7.677,1.616,0
P00945,2,6,46237.9,44904.4,112.7,23.2,9,东,8.459,3.028,0
P00946,15,22,41381.9,56352.6,152.7,28.5,20,南,12.178,1.123,1
P00947,6,16,43052.8,44779.4,123.8,12.1,25,东南,21.308,4.332,0
P00948,7,19,46114.6,36990.1,99.3,15.2,26,东,8.963,3.377,1
P00949,13,17,50880.1,57996.4,110.0,8.0,30,北,1.5,0.193,0
P00950,1,5,51151.4,67403.3,120.6,19.6,21,东,9.313,2.662,1
P00951,7,12,63032.2,52086.0,102.9,14.2,2,南,1.428,0.584,0
P00952,3,13,39494.5,40730.4,143.0,16.3,13,南,15.768,3.468,0
P00953,1,5,32899.1,31342.2,59.9,5.7,16,东南,12.992,1.866,0
P00954,16,18,38872.9,37333.3,104.1,20.5,4,南,22.899,2.999,1
P00955,1,7,34351.7,28199.9,150.2,23.9,11,东,23.362,0.856,0
P00956,16,20,37456.8,37741.5,68.0,7.2,13,南,8.291,0.612,0
P00957,6,18,32848.4,30997.2,65.6,3.2,22,西,16.586,4.563,0
P00958,20,24,67280.7,62996.8,147.9,3.8,26,南,22.721,3.971,1
P00959,3,11,56457.8,84050.3,133.5,6.4,12,西,18.583,1.318,1
P00960,11,16,37304.7,32659.5,92.2,9.2,15,南,10.254,2.515,1
P00961,11,18,33384.2,47272.7,89.0,18.5,25,南,12.855,1.007,1
P00962,15,22,30780.1,22713.8,61.9,6.8,16,南,17.131,3.599,1
P00963,7,11,27583.0,25923.3,51.4,9.6,5,北,8.945,2.001,0
P00964,14,20,56515.8,74271.8,73.7,9.8,11,南,3.253,0.159,1
P00965,16,17,65960.6,74985.5,138.0,4.0,26,东,17.36,2.487,1
P00966,12,19,33787.5,29040.0,57.2,25.3,30,南,6.91,2.185,0
P00967,8,17,30844.1,38660.8,70.9,12.5,4,东,22.905,3.241,0
P00968,13,15,27142.5,26672.4,50.8,19.1,2,北,4.85,1.31,0
P00969,19,20,45428.0,50264.5,53.0,10.0,25,西,5.218,0.968,1
P00970,11,18,30192.1,27338.0,60.9,5.3,21,南,4.091,2.858,0
P00971,11,17,32714.4,32476.3,114.0,22.5,27,南,9.691,3.647,1
P00972,9,12,51251.6,50364.5,115.8,24.3,9,西,2.663,0.801,0
P00973,21,23,39850.8,49794.3,54.9,28.6,4,南,5.54,0.905,1
P00974,17,18,27038.9,31560.4,56.1,19.9,29,北,18.216,1.862,0
P00975,14,16,50734.6,55965.1,143.5,4.4,10,东,24.816,1.605,0
P00976,5,11,67009.5,59445.7,146.9,22.0,26,东,3.641,3.56,1
P00977,13,15,45950.1,48481.8,79.4,10.5,6,南,3.904,1.899,1
P00978,22,23,55720.2,44191.1,104.9,16.6,20,北,2.741,1.624,1
P00979,1,2,68052.0,62563.6,147.6,14.0,15,南,5.314,3.647,1
P00980,15,20,30837.0,31364.7,133.9,23.9,16,东,15.152,4.817,0
P00981,18,20,51787.2,53056.4,119.0,29.2,8,东,16.565,3.741,1
P00982,1,7,53163.0,48252.9,150.9,8.7,15,北,23.931,4.951,1
P00983,11,21,33884.1,23156.8,50.9,4.6,1,南,13.247,4.517,0
P00984,10,13,50923.5,61364.5,146.6,27.9,6,西,4.618,4.924,1
P00985,8,18,52567.9,60314.5,122.7,5.8,16,北,22.521,0.487,0
P00986,19,21,35807.1,35817.9,76.8,16.3,27,东南,14.923,2.949,0
P00987,9,15,50210.4,49795.5,150.6,6.9,27,东南,9.719,2.047,1
P00988,7,17,40814.3,37124.8,100.0,2.6,9,东,19.078,0.28,1
P00989,18,20,43092.3,37384.9,155.2,23.6,4,南,2.924,3.442,0
P00990,15,22,28823.9,27925.0,48.8,13.0,18,东南,15.547,1.192,1
P00991,7,19,54544.2,52051.3,108.6,10.0,2,北,10.823,2.181,0
P00992,6,18,40150.1,60297.6,119.7,26.9,12,南,10.654,4.108,1
P00993,3,9,76223.6,86021.9,157.1,27.1,15,北,20.671,4.539,0
P00994,17,24,25389.9,30312.6,80.9,15.6,19,东,21.328,4.704,1
P00995,23,24,60736.3,62952.6,128.2,6.0,21,南,10.753,1.09,1
P00996,4,8,29887.9,36254.9,64.6,26.3,6,南,17.239,1.145,1
P00997,16,20,40584.8,40100.6,60.1,6.2,20,西南,14.173,0.676,1
P00998,19,20,18915.8,18225.9,48.6,29.1,6,南,21.717,3.578,0
P00999,23,24,25768.9,25112.7,55.4,26.9,18,北,14.07,2.97,0
P01000,18,21,33018.3,29180.7,96.4,23.4,15,南,20.402,2.244,1
P01001,17,20,28015.0,22735.5,59.2,9.3,12,北,21.116,3.697,0
P01002,19,22,53785.2,52197.9,88.0,3.1,7,西南,22.944,0.26,0
P01003,12,20,54880.2,43966.9,133.3,1.1,7,东,16.854,4.504,1
P01004,11,23,34334.0,35111.5,122.4,9.6,30,南,18.142,1.549,0
P01005,18,21,27035.8,30562.3,55.5,25.5,26,北,6.579,1.054,1
P01006,6,15,43851.7,43687.5,78.6,12.5,28,东南,11.047,3.767,1
P01007,13,15,28036.8,31379.4,106.0,7.6,1,南,24.115,0.209,0
P01008,10,18,26207.5,28736.7,79.2,1.5,1,南,17.608,3.05,0
P01009,22,24,56115.1,57189.7,144.4,16.4,15,南,11.754,0.78,0
P01010,4,8,29795.8,31775.2,102.6,22.4,24,东南,12.586,2.908,0
P01011,12,21,39254.7,45320.8,87.7,27.5,12,东,3.92,0.544,1
P01012,22,23,61579.1,56183.5,123.0,23.5,20,南,16.951,1.865,1
P01013,14,18,26999.4,33268.3,50.7,26.2,18,西,1.281,3.29,1
P01014,20,22,40734.5,35369.9,112.8,18.2,1,南,17.705,1.192,1
P01015,21,24,34249.7,37299.9,50.9,20.0,17,南,4.914,1.414,1
P01016,7,13,41375.6,36100.9,124.6,28.8,23,西南,7.085,3.85,0
P01017,11,13,29143.0,26569.2,65.6,19.2,10,北,19.108,1.291,0
P01018,9,10,32957.1,31445.2,111.8,15.8,27,北,18.337,2.103,1
P01019,2,11,25992.5,23749.5,73.1,26.7,24,北,11.192,2.495,0
P01020,15,19,55550.8,61567.1,125.4,27.8,13,北,2.525,0.416,0
P01021,23,24,28269.7,26704.8,63.2,16.0,13,西,8.69,1.933,0
P01022,17,21,59605.1,54880.2,114.7,5.4,27,东南,11.77,0.585,1
P01023,8,15,41230.8,39282.4,85.8,5.6,15,东南,3.419,2.157,0
P01024,20,23,65942.1,65017.7,156.4,16.0,9,南,5.022,1.212,0
P01025,2,9,36886.7,33248.3,120.9,26.5,9,南,5.454,0.281,1
P01026,1,10,21644.5,18378.5,119.2,26.7,3,西南,24.512,2.877,1
P01027,23,24,27819.8,29988.0,78.7,26.3,14,南,13.474,2.751,1
P01028,9,21,59631.7,76534.1,148.2,21.6,27,北,4.083,0.364,0
P01029,16,18,89836.3,91666.5,152.8,4.0,12,南,4.275,0.154,0
P01030,21,22,54363.7,46930.4,159.7,14.0,7,北,7.743,4.231,0
P01031,5,12,32750.9,21619.0,58.5,6.3,20,南,23.652,4.125,1
P01032,12,18,38422.3,56560.3,115.5,18.8,13,东,19.914,3.674,1
P01033,17,24,49952.2,44091.3,140.8,15.1,4,东南,12.634,4.723,0
P01034,14,24,60534.8,67405.8,151.0,8.4,22,南,17.405,2.616,0
P01035,11,21,52791.9,68064.0,136.3,3.6,10,南,13.731,1.595,1
P01036,6,14,38221.2,36940.8,69.8,26.9,22,南,18.37,0.986,0
P01037,7,11,44151.8,39290.1,126.6,12.1,12,南,23.764,1.172,1
P01038,6,10,24729.7,26354.4,55.7,18.6,8,南,17.874,0.778,0
P01039,15,18,48092.3,48858.8,141.5,26.8,18,南,18.887,2.566,1
P01040,17,22,59017.3,65640.2,123.7,5.3,26,西,15.508,2.876,1
P01041,14,18,52133.8,48069.6,136.5,1.8,2,东南,24.861,0.132,1
P01042,14,17,18667.8,25879.3,53.6,28.0,8,南,19.182,2.886,0
P01043,2,11,43593.4,39282.4,105.3,29.8,11,西,7.989,4.617,1
P01044,23,24,42546.8,45131.4,62.8,24.9,14,西,8.023,3.552,0
P01045,5,8,31361.9,31395.8,73.6,13.6,9,北,2.852,1.028,0
P01046,3,7,87376.4,81831.3,157.3,15.4,20,西,2.808,4.624,1
P01047,21,23,61927.1,65731.7,108.6,21.1,7,东,1.892,2.801,0
P01048,3,11,39371.6,33260.4,125.5,22.0,9,西,11.088,3.76,0
P01049,15,19,41977.0,41643.3,68.4,17.8,30,北,5.109,2.368,1
P01050,1,2,32219.2,33285.8,98.5,28.9,7,北,15.499,1.251,0
P01051,7,13,59282.0,53754.5,110.9,15.3,20,南,5.407,0.774,1
P01052,10,12,27928.6,28783.8,134.8,23.3,12,西,24.989,2.535,1
P01053,13,16,63052.4,64624.8,146.5,15.6,14,北,14.111,2.868,1
P01054,7,8,35212.0,31317.1,119.4,28.9,24,南,11.109,2.512,0
P01055,20,22,29116.3,31184.4,50.6,14.8,23,南,6.021,4.688,1
P01056,11,18,39884.1,38587.4,88.8,12.4,17,东,9.801,1.223,0
P01057,4,6,49745.8,49883.2,78.1,3.0,17,南,2.412,4.679,0
P01058,3,6,36783.3,31680.6,89.0,19.5,7,东南,4.368,2.898,0
P01059,5,11,45088.1,49576.6,154.4,9.8,7,东,19.112,1.304,0
P01060,6,12,50353.2,52615.0,121.4,24.4,12,南,13.774,3.006,1
P01061,4,14,36789.1,26930.5,58.8,21.3,1,东,14.995,1.868,0
P01062,6,7,26543.3,27123.1,82.1,15.5,24,西,12.301,0.334,0
P01063,16,18,34020.6,38134.9,145.6,20.3,30,西,22.324,4.333,1
P01064,23,24,41518.7,38560.5,117.0,8.0,30,南,21.693,2.155,1
P01065,5,12,33936.3,39660.9,49.1,26.4,18,南,5.871,1.089,0
P01066,9,12,34379.0,42035.5,82.4,12.5,26,北,14.07,2.288,1
P01067,3,6,33768.3,36169.6,97.7,17.7,9,南,21.814,1.721,1
P01068,13,15,50933.0,52557.5,110.0,9.6,23,西,10.665,0.639,0
P01069,14,18,24774.9,26475.0,46.4,25.0,29,北,20.956,3.992,0
P01070,19,21,34989.4,37836.5,114.9,25.6,29,北,7.524,0.352,1
P01071,6,14,34847.0,45013.1,63.1,5.7,29,北,2.197,4.314,0
P01072,8,17,24637.3,25845.6,88.1,7.9,11,西南,24.183,0.852,1
P01073,20,24,26938.0,28797.8,92.3,24.3,18,北,3.465,2.652,1
P01074,14,20,44134.1,45611.5,147.0,21.2,13,东,21.684,4.926,0
P01075,16,21,59475.3,70246.2,131.1,7.8,2,北,9.207,3.908,1
P01076,2,7,41627.6,45410.1,92.3,9.5,8,东,5.021,3.437,0
P01077,13,21,31207.2,25774.0,84.2,17.1,20,北,22.997,2.033,1
P01078,9,18,23212.6,23690.6,124.2,14.5,27,北,22.606,0.278,0
P01079,17,22,27439.5,23178.6,79.5,28.8,29,北,19.698,3.88,0
P01080,4,12,33521.8,41403.7,57.3,29.1,6,东,10.575,2.666,1
P01081,12,18,41528.8,40512.2,76.7,8.6,4,南,15.072,3.717,1
P01082,20,22,57869.5,69008.0,124.1,13.1,30,西,7.544,0.734,1
P01083,21,23,30617.4,25316.9,74.9,22.4,11,南,9.688,1.763,0
P01084,16,18,29564.7,28818.5,95.6,24.6,15,北,12.776,3.991,0
P01085,13,21,21594.6,23477.9,70.8,27.4,20,西,12.936,1.605,1
P01086,5,11,28285.1,25432.2,64.2,1.1,12,东,22.272,3.617,1
P01087,2,12,24081.4,21799.0,96.1,16.1,6,西,15.992,1.802,1
P01088,11,20,41616.8,42001.2,62.5,15.6,3,东,2.499,4.775,0
P01089,9,14,49768.3,43619.0,91.3,9.0,30,南,5.579,4.791,0
P01090,8,14,48609.2,51148.0,141.6,15.3,1,东南,17.235,0.752,1
P01091,6,10,36852.5,33358.2,76.9,3.5,18,东,23.085,0.393,1
P01092,16,19,53349.3,51538.9,103.7,21.7,23,北,8.752,3.289,0
P01093,22,24,59902.6,53437.2,145.4,28.1,8,南,2.868,1.461,1
P01094,8,12,30973.3,30179.3,49.1,16.8,19,西南,17.617,4.877,0
P01095,7,11,49196.6,42436.9,88.1,19.4,19,东,4.843,2.088,0
P01096,11,18,52786.5,55473.7,145.4,16.1,20,南,24.512,3.116,0
P01097,15,19,70602.3,66609.1,142.8,5.4,12,南,12.175,4.054,1
P01098,18,22,22549.2,26635.3,45.2,10.8,8,北,6.59,4.305,1
P01099,2,10,32760.3,27264.8,73.0,4.2,17,北,23.567,3.768,0
P01100,14,23,30494.9,36392.6,45.3,18.8,21,北,7.84,2.414,0
P01101,10,18,60669.4,53077.4,126.2,5.5,17,南,13.639,0.9,1
P01102,17,19,36333.1,35444.5,59.6,26.0,25,南,19.801,4.979,1
P01103,2,5,33496.4,33943.9,103.7,10.7,7,南,19.596,1.745,1
P01104,22,24,29263.6,29854.8,76.8,4.0,23,西,22.34,3.787,0
P01105,13,22,35893.9,29526.1,73.4,2.3,13,西,24.786,2.707,0
P01106,7,19,30082.1,29783.3,84.1,10.3,22,南,15.921,0.309,1
P01107,16,17,31273.5,33810.8,71.6,19.8,12,东,9.09,1.615,0
P01108,12,22,29409.9,24594.2,75.2,25.2,15,西,1.495,0.319,1
P01109,2,4,60225.5,58602.3,120.0,14.9,17,东,14.143,3.937,1
P01110,21,22,33710.7,32178.0,112.1,25.6,28,南,12.594,2.125,0
P01111,12,24,49730.9,69475.4,146.8,24.0,19,西南,13.16,2.67,1
P01112,4,6,21905.5,23154.2,46.6,16.0,17,东,20.49,2.758,1
P01113,16,23,79352.5,62109.1,157.8,16.0,3,东,5.717,3.319,1
P01114,6,17,45315.4,68455.8,77.0,19.0,26,东南,1.31,3.276,0
P01115,23,24,88976.1,79694.7,140.2,2.0,1,南,3.776,2.277,1
P01116,17,21,62184.2,63002.4,157.4,25.7,17,北,4.998,0.678,1
P01117,21,24,37168.1,38188.4,58.2,1.1,15,南,11.324,0.634,0
P01118,9,12,51234.5,44666.0,144.0,25.5,25,东,24.582,2.215,1
P01119,16,17,34695.9,41954.0,79.9,14.1,29,南,7.884,0.276,0
P01120,11,19,36384.3,51454.7,66.6,15.7,23,东南,7.285,1.206,0
P01121,21,23,29038.5,36563.2,80.5,27.8,13,南,20.757,4.099,1
P01122,4,6,35480.7,36906.0,86.3,26.1,24,东,1.189,0.682,0
P01123,5,11,57371.6,54724.7,154.5,5.3,4,南,22.845,3.912,1
P01124,6,10,40354.5,45573.7,119.1,10.7,3,南,20.952,1.929,1
P01125,6,10,44755.0,39846.1,55.8,7.1,9,南,19.988,1.306,1
P01126,11,21,41607.2,33457.7,84.1,2.7,2,西南,11.431,1.072,0
P01127,11,14,57175.5,67710.2,102.1,6.4,23,南,10.789,4.887,1
P01128,11,19,43782.0,69772.5,82.2,8.2,24,南,10.424,3.406,0
P01129,1,6,23550.1,23533.8,73.5,12.2,12,北,19.348,0.497,0
P01130,9,14,51614.8,58977.1,134.2,18.2,17,西南,15.667,0.726,1
P01131,4,5,39505.3,36427.0,91.7,19.0,19,东南,15.36,2.651,0
P01132,18,21,58508.9,50777.6,138.1,26.4,6,东南,4.007,2.587,0
P01133,18,20,54701.2,51051.6,148.4,26.4,25,西南,8.632,4.86,1
P01134,19,23,29421.6,25174.7,55.0,12.7,17,北,15.726,2.559,1
P01135,7,11,48795.8,46332.8,119.2,0.4,14,南,8.927,0.478,0
P01136,8,12,35961.7,41822.6,80.0,11.5,2,南,17.64,1.423,1
P01137,9,18,38272.0,49488.1,88.6,2.7,3,南,3.212,2.897,1
P01138,16,20,43258.9,34260.4,59.3,3.4,7,北,10.909,4.307,0
P01139,4,6,23995.7,22757.6,65.0,15.8,1,东,16.666,2.911,0
P01140,19,23,29785.6,32806.9,71.9,8.4,9,南,14.467,3.07,1
P01141,1,6,27786.8,40964.6,62.6,19.8,22,西,15.85,3.892,0
P01142,4,12,62028.1,60345.6,145.3,2.0,26,南,21.716,0.114,0
P01143,7,9,32326.4,33130.4,53.4,4.6,12,西,15.076,0.441,0
P01144,8,10,30568.3,28127.3,108.3,6.3,9,南,24.716,1.901,1
P01145,7,18,85564.6,75384.9,148.2,7.8,28,东,18.883,2.913,1
P01146,7,15,31877.5,41692.8,114.2,20.0,14,东南,22.237,4.059,0
P01147,13,20,50634.5,47831.5,131.6,5.4,1,东南,2.738,4.854,0
P01148,9,12,49189.6,41847.5,130.8,7.7,28,北,23.905,2.602,0
P01149,14,20,33373.6,34024.4,102.5,16.6,14,东南,21.201,4.599,0
P01150,23,24,57018.3,55743.3,122.7,2.1,25,东南,7.471,0.934,0
P01151,6,11,37318.0,33444.2,118.5,13.5,16,南,16.494,3.254,0
P01152,5,14,40603.6,46880.5,138.7,25.8,20,西,14.778,2.722,0
P01153,21,22,32132.5,27849.4,78.5,3.3,4,北,22.427,3.626,0
P01154,4,9,35534.1,38166.3,55.1,9.4,7,东南,4.81,0.863,1
P01155,10,12,35555.8,35848.5,74.3,5.2,28,南,19.112,4.199,0
P01156,19,24,50435.6,41553.8,143.4,16.8,1,南,8.779,3.985,0
P01157,11,13,34295.5,37650.9,83.8,26.8,17,西南,7.951,3.218,1
P01158,14,22,44697.6,50736.5,90.6,16.1,21,南,15.238,0.347,0
P01159,5,9,34265.6,32167.9,47.8,12.5,22,东,8.277,0.729,0
P01160,10,12,30983.8,33350.7,126.8,12.5,9,东南,18.228,0.868,1
P01161,20,23,60975.4,54055.5,115.9,2.6,12,北,6.806,3.483,0
P01162,7,12,38985.9,40623.0,114.6,16.4,5,北,3.856,0.925,0
P01163,14,15,39700.8,37917.6,87.8,20.2,30,北,2.973,4.294,0
P01164,13,23,26852.7,22781.0,98.4,19.2,5,东南,21.842,4.979,0
P01165,18,21,39065.2,36387.3,154.8,22.2,16,北,14.49,4.813,0
P01166,20,23,38917.0,42630.7,130.5,21.6,24,东南,10.914,3.614,0
P01167,17,19,25359.0,27054.6,91.6,27.9,24,南,22.744,1.293,1
P01168,20,23,32254.9,36758.9,97.6,20.7,22,北,11.965,2.155,0
P01169,21,23,32434.3,24913.0,79.7,12.3,20,东南,24.601,1.575,0
P01170,16,19,21860.9,20208.5,47.8,22.1,13,南,8.214,4.402,1
P01171,14,20,36418.3,34704.9,50.1,12.0,26,北,8.282,0.776,0
P01172,1,3,23355.8,27980.6,45.9,28.7,6,南,7.174,0.148,1
P01173,5,6,55721.5,61293.8,131.9,3.9,20,南,16.756,1.337,0
P01174,1,8,39063.4,34426.9,139.8,25.2,25,南,19.96,0.778,1
P01175,19,23,48249.0,47273.6,116.9,24.2,10,南,1.63,3.868,0
P01176,11,21,40149.7,34161.9,101.4,16.9,1,南,6.851,3.307,1
P01177,2,6,63073.9,71127.1,149.9,6.6,7,东,10.341,2.711,0
P01178,7,14,26304.6,22694.0,102.7,29.6,24,北,23.139,4.918,0
P01179,3,4,62801.5,54929.1,129.1,1.6,12,南,18.176,0.131,0
P01180,22,23,32757.5,29990.7,103.4,28.6,12,西南,24.601,2.854,1
P01181,12,17,54889.8,71082.6,102.1,3.1,3,南,5.803,0.204,0
P01182,23,24,27519.7,29195.3,106.4,25.2,3,东南,15.367,4.035,1
P01183,12,23,44646.4,55454.0,112.0,10.1,4,北,22.315,0.45,0
P01184,7,14,54724.9,59488.3,157.6,18.5,5,西南,5.777,2.387,1
P01185,3,11,32072.4,26564.9,110.8,22.6,8,南,14.125,3.658,0
P01186,5,15,51224.7,44815.6,97.5,7.7,3,南,5.933,4.259,1
P01187,5,13,41318.3,46055.3,131.9,25.3,10,东,7.68,1.781,0
P01188,13,19,32012.3,31684.4,60.0,19.9,28,西,19.291,2.096,1
P01189,21,22,27693.5,29616.6,77.7,10.9,28,西,14.164,0.669,0
P01190,22,23,43716.4,44937.5,77.8,23.4,7,北,3.952,1.881,1
P01191,3,7,20369.9,21902.2,90.8,29.0,14,西,23.874,4.77,0
P01192,16,21,36166.7,30607.6,143.8,18.4,24,北,23.103,2.381,0
P01193,23,24,45626.6,40588.3,111.7,14.7,7,东南,7.598,3.961,1
P01194,21,23,34260.4,32015.5,68.1,24.5,22,南,20.22,1.89,0
P01195,7,14,26476.4,23081.2,66.6,18.2,17,北,19.638,2.429,0
P01196,9,21,33080.8,34160.5,70.8,3.9,29,西,19.55,1.68,1
P01197,7,11,32279.8,29909.7,67.0,17.4,29,南,9.654,3.186,0
P01198,2,13,40570.4,47768.2,149.7,18.6,1,北,13.361,3.459,0
P01199,15,24,26488.6,30274.0,83.0,6.0,2,西,16.516,0.17,0
P01200,3,13,35962.5,47224.6,144.3,23.8,12,西南,11.868,2.966,1
