案例编号,小区,户型,面积,楼层,朝向,房龄,成交日期,成交单价,标记,可比性分组
C01,演示小区A,3室2厅,98.5,高,南北,14,2026-05,51600,,same_community_same_layout
C02,演示小区A,3室2厅,105.0,中,南北,14,2026-03,49800,,same_community_same_layout
C03,演示小区A,3室2厅,95.2,高,南,12,2026-06,52800,,same_community_same_layout
C04,演示小区A,2室1厅,78.0,中,东南,14,2026-04,54200,,same_community
C05,演示小区B,3室2厅,102.0,高,南北,10,2026-05,47300,,same_district
C06,演示小区A,3室2厅,100.0,高,南北,14,2026-04,43000,法拍,same_community_same_layout
C07,演示小区A,3室2厅,99.0,中,南,14,2026-02,39000,亲属转让,same_community_same_layout
C08,演示小区C,3室2厅,100.0,高,南北,2,2026-05,58000,限价新房,same_district
C09,演示小区A,3室2厅,100.0,高,南北,14,2025-06,55000,,same_community_same_layout
